E:\Workspace\CarND\carND-behavioral-cloning\images\IMG\center_2020_09_13_19_31_39_385.jpg,E:\Workspace\CarND\carND-behavioral-cloning\images\IMG\left_2020_09_13_19_31_39_385.jpg,E:\Workspace\CarND\carND-behavioral-cloning\images\IMG\right_2020_09_13_19_31_39_385.jpg,-0.45,0,0,4.276536
E:\Workspace\CarND\carND-behavioral-cloning\images\IMG\center_2020_09_13_19_31_39_553.jpg,E:\Workspace\CarND\carND-behavioral-cloning\images\IMG\left_2020_09_13_19_31_39_553.jpg,E:\Workspace\CarND\carND-behavioral-cloning\images\IMG\right_2020_09_13_19_31_39_553.jpg,-0.9500002,0,0,4.103472
E:\Workspace\CarND\carND-behavioral-cloning\images\IMG\center_2020_09_13_19_31_39_734.jpg,E:\Workspace\CarND\carND-behavioral-cloning\images\IMG\left_2020_09_13_19_31_39_734.jpg,E:\Workspace\CarND\carND-behavioral-cloning\images\IMG\right_2020_09_13_19_31_39_734.jpg,0,0,0,3.936585
E:\Workspace\CarND\carND-behavioral-cloning\images\IMG\center_2020_09_13_19_31_39_921.jpg,E:\Workspace\CarND\carND-behavioral-cloning\images\IMG\left_2020_09_13_19_31_39_921.jpg,E:\Workspace\CarND\carND-behavioral-cloning\images\IMG\right_2020_09_13_19_31_39_921.jpg,0,0,0,3.862261
E:\Workspace\CarND\carND-behavioral-cloning\images\IMG\center_2020_09_13_19_31_40_103.jpg,E:\Workspace\CarND\carND-behavioral-cloning\images\IMG\left_2020_09_13_19_31_40_103.jpg,E:\Workspace\CarND\carND-behavioral-cloning\images\IMG\right_2020_09_13_19_31_40_103.jpg,0,0,0,3.789311
E:\Workspace\CarND\carND-behavioral-cloning\images\IMG\center_2020_09_13_19_31_40_287.jpg,E:\Workspace\CarND\carND-behavioral-cloning\images\IMG\left_2020_09_13_19_31_40_287.jpg,E:\Workspace\CarND\carND-behavioral-cloning\images\IMG\right_2020_09_13_19_31_40_287.jpg,0,0,0,3.717682
E:\Workspace\CarND\carND-behavioral-cloning\images\IMG\center_2020_09_13_19_31_40_478.jpg,E:\Workspace\CarND\carND-behavioral-cloning\images\IMG\left_2020_09_13_19_31_40_478.jpg,E:\Workspace\CarND\carND-behavioral-cloning\images\IMG\right_2020_09_13_19_31_40_478.jpg,0,0,0,3.639612
E:\Workspace\CarND\carND-behavioral-cloning\images\IMG\center_2020_09_13_19_31_40_662.jpg,E:\Workspace\CarND\carND-behavioral-cloning\images\IMG\left_2020_09_13_19_31_40_662.jpg,E:\Workspace\CarND\carND-behavioral-cloning\images\IMG\right_2020_09_13_19_31_40_662.jpg,0,0,0,3.570689
E:\Workspace\CarND\carND-behavioral-cloning\images\IMG\center_2020_09_13_19_31_40_847.jpg,E:\Workspace\CarND\carND-behavioral-cloning\images\IMG\left_2020_09_13_19_31_40_847.jpg,E:\Workspace\CarND\carND-behavioral-cloning\images\IMG\right_2020_09_13_19_31_40_847.jpg,0,0,0,3.503012
E:\Workspace\CarND\carND-behavioral-cloning\images\IMG\center_2020_09_13_19_31_41_032.jpg,E:\Workspace\CarND\carND-behavioral-cloning\images\IMG\left_2020_09_13_19_31_41_032.jpg,E:\Workspace\CarND\carND-behavioral-cloning\images\IMG\right_2020_09_13_19_31_41_032.jpg,0,0,0,3.429297
E:\Workspace\CarND\carND-behavioral-cloning\images\IMG\center_2020_09_13_19_31_41_212.jpg,E:\Workspace\CarND\carND-behavioral-cloning\images\IMG\left_2020_09_13_19_31_41_212.jpg,E:\Workspace\CarND\carND-behavioral-cloning\images\IMG\right_2020_09_13_19_31_41_212.jpg,0,0,0,3.364236
E:\Workspace\CarND\carND-behavioral-cloning\images\IMG\center_2020_09_13_19_31_41_396.jpg,E:\Workspace\CarND\carND-behavioral-cloning\images\IMG\left_2020_09_13_19_31_41_396.jpg,E:\Workspace\CarND\carND-behavioral-cloning\images\IMG\right_2020_09_13_19_31_41_396.jpg,0,0,0,3.298599
E:\Workspace\CarND\carND-behavioral-cloning\images\IMG\center_2020_09_13_19_31_41_581.jpg,E:\Workspace\CarND\carND-behavioral-cloning\images\IMG\left_2020_09_13_19_31_41_581.jpg,E:\Workspace\CarND\carND-behavioral-cloning\images\IMG\right_2020_09_13_19_31_41_581.jpg,0,0,0,3.233582
E:\Workspace\CarND\carND-behavioral-cloning\images\IMG\center_2020_09_13_19_31_41_764.jpg,E:\Workspace\CarND\carND-behavioral-cloning\images\IMG\left_2020_09_13_19_31_41_764.jpg,E:\Workspace\CarND\carND-behavioral-cloning\images\IMG\right_2020_09_13_19_31_41_764.jpg,0,0,0,3.169732
E:\Workspace\CarND\carND-behavioral-cloning\images\IMG\center_2020_09_13_19_31_41_945.jpg,E:\Workspace\CarND\carND-behavioral-cloning\images\IMG\left_2020_09_13_19_31_41_945.jpg,E:\Workspace\CarND\carND-behavioral-cloning\images\IMG\right_2020_09_13_19_31_41_945.jpg,0,0,0,3.107031
E:\Workspace\CarND\carND-behavioral-cloning\images\IMG\center_2020_09_13_19_31_42_123.jpg,E:\Workspace\CarND\carND-behavioral-cloning\images\IMG\left_2020_09_13_19_31_42_123.jpg,E:\Workspace\CarND\carND-behavioral-cloning\images\IMG\right_2020_09_13_19_31_42_123.jpg,0,0,0,3.045456
E:\Workspace\CarND\carND-behavioral-cloning\images\IMG\center_2020_09_13_19_31_42_300.jpg,E:\Workspace\CarND\carND-behavioral-cloning\images\IMG\left_2020_09_13_19_31_42_300.jpg,E:\Workspace\CarND\carND-behavioral-cloning\images\IMG\right_2020_09_13_19_31_42_300.jpg,-0.45,0,0,2.967939
E:\Workspace\CarND\carND-behavioral-cloning\images\IMG\center_2020_09_13_19_31_42_477.jpg,E:\Workspace\CarND\carND-behavioral-cloning\images\IMG\left_2020_09_13_19_31_42_477.jpg,E:\Workspace\CarND\carND-behavioral-cloning\images\IMG\right_2020_09_13_19_31_42_477.jpg,-0.9000002,0,0,2.859903
E:\Workspace\CarND\carND-behavioral-cloning\images\IMG\center_2020_09_13_19_31_42_659.jpg,E:\Workspace\CarND\carND-behavioral-cloning\images\IMG\left_2020_09_13_19_31_42_659.jpg,E:\Workspace\CarND\carND-behavioral-cloning\images\IMG\right_2020_09_13_19_31_42_659.jpg,0,0,0,2.744753
E:\Workspace\CarND\carND-behavioral-cloning\images\IMG\center_2020_09_13_19_31_42_842.jpg,E:\Workspace\CarND\carND-behavioral-cloning\images\IMG\left_2020_09_13_19_31_42_842.jpg,E:\Workspace\CarND\carND-behavioral-cloning\images\IMG\right_2020_09_13_19_31_42_842.jpg,0,0,0,2.690706
E:\Workspace\CarND\carND-behavioral-cloning\images\IMG\center_2020_09_13_19_31_43_022.jpg,E:\Workspace\CarND\carND-behavioral-cloning\images\IMG\left_2020_09_13_19_31_43_022.jpg,E:\Workspace\CarND\carND-behavioral-cloning\images\IMG\right_2020_09_13_19_31_43_022.jpg,-0.45,0,0,2.622961
E:\Workspace\CarND\carND-behavioral-cloning\images\IMG\center_2020_09_13_19_31_43_202.jpg,E:\Workspace\CarND\carND-behavioral-cloning\images\IMG\left_2020_09_13_19_31_43_202.jpg,E:\Workspace\CarND\carND-behavioral-cloning\images\IMG\right_2020_09_13_19_31_43_202.jpg,0,0,0,2.558343
E:\Workspace\CarND\carND-behavioral-cloning\images\IMG\center_2020_09_13_19_31_43_378.jpg,E:\Workspace\CarND\carND-behavioral-cloning\images\IMG\left_2020_09_13_19_31_43_378.jpg,E:\Workspace\CarND\carND-behavioral-cloning\images\IMG\right_2020_09_13_19_31_43_378.jpg,0,0,0,2.504423
E:\Workspace\CarND\carND-behavioral-cloning\images\IMG\center_2020_09_13_19_31_43_570.jpg,E:\Workspace\CarND\carND-behavioral-cloning\images\IMG\left_2020_09_13_19_31_43_570.jpg,E:\Workspace\CarND\carND-behavioral-cloning\images\IMG\right_2020_09_13_19_31_43_570.jpg,0,0,0,2.445674
E:\Workspace\CarND\carND-behavioral-cloning\images\IMG\center_2020_09_13_19_31_43_756.jpg,E:\Workspace\CarND\carND-behavioral-cloning\images\IMG\left_2020_09_13_19_31_43_756.jpg,E:\Workspace\CarND\carND-behavioral-cloning\images\IMG\right_2020_09_13_19_31_43_756.jpg,-0.45,0,0,2.383952
E:\Workspace\CarND\carND-behavioral-cloning\images\IMG\center_2020_09_13_19_31_43_936.jpg,E:\Workspace\CarND\carND-behavioral-cloning\images\IMG\left_2020_09_13_19_31_43_936.jpg,E:\Workspace\CarND\carND-behavioral-cloning\images\IMG\right_2020_09_13_19_31_43_936.jpg,-0.9000002,0,0,2.302895
E:\Workspace\CarND\carND-behavioral-cloning\images\IMG\center_2020_09_13_19_31_44_120.jpg,E:\Workspace\CarND\carND-behavioral-cloning\images\IMG\left_2020_09_13_19_31_44_120.jpg,E:\Workspace\CarND\carND-behavioral-cloning\images\IMG\right_2020_09_13_19_31_44_120.jpg,0,0,0,2.205024
E:\Workspace\CarND\carND-behavioral-cloning\images\IMG\center_2020_09_13_19_31_44_296.jpg,E:\Workspace\CarND\carND-behavioral-cloning\images\IMG\left_2020_09_13_19_31_44_296.jpg,E:\Workspace\CarND\carND-behavioral-cloning\images\IMG\right_2020_09_13_19_31_44_296.jpg,-0.45,0,0,2.150767
E:\Workspace\CarND\carND-behavioral-cloning\images\IMG\center_2020_09_13_19_31_44_477.jpg,E:\Workspace\CarND\carND-behavioral-cloning\images\IMG\left_2020_09_13_19_31_44_477.jpg,E:\Workspace\CarND\carND-behavioral-cloning\images\IMG\right_2020_09_13_19_31_44_477.jpg,-0.9000002,0,0,2.079614
E:\Workspace\CarND\carND-behavioral-cloning\images\IMG\center_2020_09_13_19_31_44_663.jpg,E:\Workspace\CarND\carND-behavioral-cloning\images\IMG\left_2020_09_13_19_31_44_663.jpg,E:\Workspace\CarND\carND-behavioral-cloning\images\IMG\right_2020_09_13_19_31_44_663.jpg,0,0,0,1.99143
E:\Workspace\CarND\carND-behavioral-cloning\images\IMG\center_2020_09_13_19_31_44_849.jpg,E:\Workspace\CarND\carND-behavioral-cloning\images\IMG\left_2020_09_13_19_31_44_849.jpg,E:\Workspace\CarND\carND-behavioral-cloning\images\IMG\right_2020_09_13_19_31_44_849.jpg,-0.45,0,0,1.943788
E:\Workspace\CarND\carND-behavioral-cloning\images\IMG\center_2020_09_13_19_31_45_023.jpg,E:\Workspace\CarND\carND-behavioral-cloning\images\IMG\left_2020_09_13_19_31_45_023.jpg,E:\Workspace\CarND\carND-behavioral-cloning\images\IMG\right_2020_09_13_19_31_45_023.jpg,-0.9000002,0,0,1.881436
E:\Workspace\CarND\carND-behavioral-cloning\images\IMG\center_2020_09_13_19_31_45_209.jpg,E:\Workspace\CarND\carND-behavioral-cloning\images\IMG\left_2020_09_13_19_31_45_209.jpg,E:\Workspace\CarND\carND-behavioral-cloning\images\IMG\right_2020_09_13_19_31_45_209.jpg,0,0,0,1.797915
E:\Workspace\CarND\carND-behavioral-cloning\images\IMG\center_2020_09_13_19_31_45_391.jpg,E:\Workspace\CarND\carND-behavioral-cloning\images\IMG\left_2020_09_13_19_31_45_391.jpg,E:\Workspace\CarND\carND-behavioral-cloning\images\IMG\right_2020_09_13_19_31_45_391.jpg,-0.45,0,0,1.756251
E:\Workspace\CarND\carND-behavioral-cloning\images\IMG\center_2020_09_13_19_31_45_573.jpg,E:\Workspace\CarND\carND-behavioral-cloning\images\IMG\left_2020_09_13_19_31_45_573.jpg,E:\Workspace\CarND\carND-behavioral-cloning\images\IMG\right_2020_09_13_19_31_45_573.jpg,-0.9000002,0,0,1.697746
E:\Workspace\CarND\carND-behavioral-cloning\images\IMG\center_2020_09_13_19_31_45_755.jpg,E:\Workspace\CarND\carND-behavioral-cloning\images\IMG\left_2020_09_13_19_31_45_755.jpg,E:\Workspace\CarND\carND-behavioral-cloning\images\IMG\right_2020_09_13_19_31_45_755.jpg,-1,0,0,1.640694
E:\Workspace\CarND\carND-behavioral-cloning\images\IMG\center_2020_09_13_19_31_45_942.jpg,E:\Workspace\CarND\carND-behavioral-cloning\images\IMG\left_2020_09_13_19_31_45_942.jpg,E:\Workspace\CarND\carND-behavioral-cloning\images\IMG\right_2020_09_13_19_31_45_942.jpg,-1,0,0,1.594807
E:\Workspace\CarND\carND-behavioral-cloning\images\IMG\center_2020_09_13_19_31_46_124.jpg,E:\Workspace\CarND\carND-behavioral-cloning\images\IMG\left_2020_09_13_19_31_46_124.jpg,E:\Workspace\CarND\carND-behavioral-cloning\images\IMG\right_2020_09_13_19_31_46_124.jpg,0,0,0,1.517871
E:\Workspace\CarND\carND-behavioral-cloning\images\IMG\center_2020_09_13_19_31_46_305.jpg,E:\Workspace\CarND\carND-behavioral-cloning\images\IMG\left_2020_09_13_19_31_46_305.jpg,E:\Workspace\CarND\carND-behavioral-cloning\images\IMG\right_2020_09_13_19_31_46_305.jpg,0,0,0,1.490335
E:\Workspace\CarND\carND-behavioral-cloning\images\IMG\center_2020_09_13_19_31_46_486.jpg,E:\Workspace\CarND\carND-behavioral-cloning\images\IMG\left_2020_09_13_19_31_46_486.jpg,E:\Workspace\CarND\carND-behavioral-cloning\images\IMG\right_2020_09_13_19_31_46_486.jpg,0,0,0,1.463294
E:\Workspace\CarND\carND-behavioral-cloning\images\IMG\center_2020_09_13_19_31_46_672.jpg,E:\Workspace\CarND\carND-behavioral-cloning\images\IMG\left_2020_09_13_19_31_46_672.jpg,E:\Workspace\CarND\carND-behavioral-cloning\images\IMG\right_2020_09_13_19_31_46_672.jpg,-0.5000001,0,0,1.42573
E:\Workspace\CarND\carND-behavioral-cloning\images\IMG\center_2020_09_13_19_31_46_886.jpg,E:\Workspace\CarND\carND-behavioral-cloning\images\IMG\left_2020_09_13_19_31_46_886.jpg,E:\Workspace\CarND\carND-behavioral-cloning\images\IMG\right_2020_09_13_19_31_46_886.jpg,0,0,0,1.388124
E:\Workspace\CarND\carND-behavioral-cloning\images\IMG\center_2020_09_13_19_31_47_042.jpg,E:\Workspace\CarND\carND-behavioral-cloning\images\IMG\left_2020_09_13_19_31_47_042.jpg,E:\Workspace\CarND\carND-behavioral-cloning\images\IMG\right_2020_09_13_19_31_47_042.jpg,0,0,0,1.365845
E:\Workspace\CarND\carND-behavioral-cloning\images\IMG\center_2020_09_13_19_31_47_222.jpg,E:\Workspace\CarND\carND-behavioral-cloning\images\IMG\left_2020_09_13_19_31_47_222.jpg,E:\Workspace\CarND\carND-behavioral-cloning\images\IMG\right_2020_09_13_19_31_47_222.jpg,-0.45,0,0,1.335191
E:\Workspace\CarND\carND-behavioral-cloning\images\IMG\center_2020_09_13_19_31_47_403.jpg,E:\Workspace\CarND\carND-behavioral-cloning\images\IMG\left_2020_09_13_19_31_47_403.jpg,E:\Workspace\CarND\carND-behavioral-cloning\images\IMG\right_2020_09_13_19_31_47_403.jpg,-0.9000002,0,0,1.291601
E:\Workspace\CarND\carND-behavioral-cloning\images\IMG\center_2020_09_13_19_31_47_584.jpg,E:\Workspace\CarND\carND-behavioral-cloning\images\IMG\left_2020_09_13_19_31_47_584.jpg,E:\Workspace\CarND\carND-behavioral-cloning\images\IMG\right_2020_09_13_19_31_47_584.jpg,-1,0,0,1.249946
E:\Workspace\CarND\carND-behavioral-cloning\images\IMG\center_2020_09_13_19_31_47_769.jpg,E:\Workspace\CarND\carND-behavioral-cloning\images\IMG\left_2020_09_13_19_31_47_769.jpg,E:\Workspace\CarND\carND-behavioral-cloning\images\IMG\right_2020_09_13_19_31_47_769.jpg,-1,0,0,1.212747
E:\Workspace\CarND\carND-behavioral-cloning\images\IMG\center_2020_09_13_19_31_47_956.jpg,E:\Workspace\CarND\carND-behavioral-cloning\images\IMG\left_2020_09_13_19_31_47_956.jpg,E:\Workspace\CarND\carND-behavioral-cloning\images\IMG\right_2020_09_13_19_31_47_956.jpg,-1,0,0,1.180742
E:\Workspace\CarND\carND-behavioral-cloning\images\IMG\center_2020_09_13_19_31_48_145.jpg,E:\Workspace\CarND\carND-behavioral-cloning\images\IMG\left_2020_09_13_19_31_48_145.jpg,E:\Workspace\CarND\carND-behavioral-cloning\images\IMG\right_2020_09_13_19_31_48_145.jpg,-1,0,0,1.150087
E:\Workspace\CarND\carND-behavioral-cloning\images\IMG\center_2020_09_13_19_31_48_321.jpg,E:\Workspace\CarND\carND-behavioral-cloning\images\IMG\left_2020_09_13_19_31_48_321.jpg,E:\Workspace\CarND\carND-behavioral-cloning\images\IMG\right_2020_09_13_19_31_48_321.jpg,-1,0,0,1.120738
E:\Workspace\CarND\carND-behavioral-cloning\images\IMG\center_2020_09_13_19_31_48_505.jpg,E:\Workspace\CarND\carND-behavioral-cloning\images\IMG\left_2020_09_13_19_31_48_505.jpg,E:\Workspace\CarND\carND-behavioral-cloning\images\IMG\right_2020_09_13_19_31_48_505.jpg,-1,0,0,1.092647
E:\Workspace\CarND\carND-behavioral-cloning\images\IMG\center_2020_09_13_19_31_48_694.jpg,E:\Workspace\CarND\carND-behavioral-cloning\images\IMG\left_2020_09_13_19_31_48_694.jpg,E:\Workspace\CarND\carND-behavioral-cloning\images\IMG\right_2020_09_13_19_31_48_694.jpg,0,0,0,1.040998
E:\Workspace\CarND\carND-behavioral-cloning\images\IMG\center_2020_09_13_19_31_48_877.jpg,E:\Workspace\CarND\carND-behavioral-cloning\images\IMG\left_2020_09_13_19_31_48_877.jpg,E:\Workspace\CarND\carND-behavioral-cloning\images\IMG\right_2020_09_13_19_31_48_877.jpg,0,0,0,1.02533
E:\Workspace\CarND\carND-behavioral-cloning\images\IMG\center_2020_09_13_19_31_49_067.jpg,E:\Workspace\CarND\carND-behavioral-cloning\images\IMG\left_2020_09_13_19_31_49_067.jpg,E:\Workspace\CarND\carND-behavioral-cloning\images\IMG\right_2020_09_13_19_31_49_067.jpg,0,0.5626818,0,2.207792
E:\Workspace\CarND\carND-behavioral-cloning\images\IMG\center_2020_09_13_19_31_49_296.jpg,E:\Workspace\CarND\carND-behavioral-cloning\images\IMG\left_2020_09_13_19_31_49_296.jpg,E:\Workspace\CarND\carND-behavioral-cloning\images\IMG\right_2020_09_13_19_31_49_296.jpg,0,0.009495258,0,2.239938
E:\Workspace\CarND\carND-behavioral-cloning\images\IMG\center_2020_09_13_19_31_49_488.jpg,E:\Workspace\CarND\carND-behavioral-cloning\images\IMG\left_2020_09_13_19_31_49_488.jpg,E:\Workspace\CarND\carND-behavioral-cloning\images\IMG\right_2020_09_13_19_31_49_488.jpg,0,0,0,2.173497
E:\Workspace\CarND\carND-behavioral-cloning\images\IMG\center_2020_09_13_19_31_49_632.jpg,E:\Workspace\CarND\carND-behavioral-cloning\images\IMG\left_2020_09_13_19_31_49_632.jpg,E:\Workspace\CarND\carND-behavioral-cloning\images\IMG\right_2020_09_13_19_31_49_632.jpg,0,0.5817894,0,3.524139
E:\Workspace\CarND\carND-behavioral-cloning\images\IMG\center_2020_09_13_19_31_49_827.jpg,E:\Workspace\CarND\carND-behavioral-cloning\images\IMG\left_2020_09_13_19_31_49_827.jpg,E:\Workspace\CarND\carND-behavioral-cloning\images\IMG\right_2020_09_13_19_31_49_827.jpg,0,0,0,3.474938
E:\Workspace\CarND\carND-behavioral-cloning\images\IMG\center_2020_09_13_19_31_50_024.jpg,E:\Workspace\CarND\carND-behavioral-cloning\images\IMG\left_2020_09_13_19_31_50_024.jpg,E:\Workspace\CarND\carND-behavioral-cloning\images\IMG\right_2020_09_13_19_31_50_024.jpg,0,0,0,3.406058
E:\Workspace\CarND\carND-behavioral-cloning\images\IMG\center_2020_09_13_19_31_50_225.jpg,E:\Workspace\CarND\carND-behavioral-cloning\images\IMG\left_2020_09_13_19_31_50_225.jpg,E:\Workspace\CarND\carND-behavioral-cloning\images\IMG\right_2020_09_13_19_31_50_225.jpg,0,0.6036402,0,4.773557
E:\Workspace\CarND\carND-behavioral-cloning\images\IMG\center_2020_09_13_19_31_50_415.jpg,E:\Workspace\CarND\carND-behavioral-cloning\images\IMG\left_2020_09_13_19_31_50_415.jpg,E:\Workspace\CarND\carND-behavioral-cloning\images\IMG\right_2020_09_13_19_31_50_415.jpg,0,1,0,7.061037
E:\Workspace\CarND\carND-behavioral-cloning\images\IMG\center_2020_09_13_19_31_50_614.jpg,E:\Workspace\CarND\carND-behavioral-cloning\images\IMG\left_2020_09_13_19_31_50_614.jpg,E:\Workspace\CarND\carND-behavioral-cloning\images\IMG\right_2020_09_13_19_31_50_614.jpg,0,0.4069012,0,7.938466
E:\Workspace\CarND\carND-behavioral-cloning\images\IMG\center_2020_09_13_19_31_51_021.jpg,E:\Workspace\CarND\carND-behavioral-cloning\images\IMG\left_2020_09_13_19_31_51_021.jpg,E:\Workspace\CarND\carND-behavioral-cloning\images\IMG\right_2020_09_13_19_31_51_021.jpg,0,0,0,7.710187
E:\Workspace\CarND\carND-behavioral-cloning\images\IMG\center_2020_09_13_19_31_51_210.jpg,E:\Workspace\CarND\carND-behavioral-cloning\images\IMG\left_2020_09_13_19_31_51_210.jpg,E:\Workspace\CarND\carND-behavioral-cloning\images\IMG\right_2020_09_13_19_31_51_210.jpg,0,0,0,7.554477
E:\Workspace\CarND\carND-behavioral-cloning\images\IMG\center_2020_09_13_19_31_51_415.jpg,E:\Workspace\CarND\carND-behavioral-cloning\images\IMG\left_2020_09_13_19_31_51_415.jpg,E:\Workspace\CarND\carND-behavioral-cloning\images\IMG\right_2020_09_13_19_31_51_415.jpg,0,0,0,7.401879
E:\Workspace\CarND\carND-behavioral-cloning\images\IMG\center_2020_09_13_19_31_51_634.jpg,E:\Workspace\CarND\carND-behavioral-cloning\images\IMG\left_2020_09_13_19_31_51_634.jpg,E:\Workspace\CarND\carND-behavioral-cloning\images\IMG\right_2020_09_13_19_31_51_634.jpg,0,0,0,7.237559
E:\Workspace\CarND\carND-behavioral-cloning\images\IMG\center_2020_09_13_19_31_51_825.jpg,E:\Workspace\CarND\carND-behavioral-cloning\images\IMG\left_2020_09_13_19_31_51_825.jpg,E:\Workspace\CarND\carND-behavioral-cloning\images\IMG\right_2020_09_13_19_31_51_825.jpg,0,0,0,7.091313
E:\Workspace\CarND\carND-behavioral-cloning\images\IMG\center_2020_09_13_19_31_52_001.jpg,E:\Workspace\CarND\carND-behavioral-cloning\images\IMG\left_2020_09_13_19_31_52_001.jpg,E:\Workspace\CarND\carND-behavioral-cloning\images\IMG\right_2020_09_13_19_31_52_001.jpg,0,0,0,6.976427
E:\Workspace\CarND\carND-behavioral-cloning\images\IMG\center_2020_09_13_19_31_52_201.jpg,E:\Workspace\CarND\carND-behavioral-cloning\images\IMG\left_2020_09_13_19_31_52_201.jpg,E:\Workspace\CarND\carND-behavioral-cloning\images\IMG\right_2020_09_13_19_31_52_201.jpg,0,0,0,6.835402
E:\Workspace\CarND\carND-behavioral-cloning\images\IMG\center_2020_09_13_19_31_52_395.jpg,E:\Workspace\CarND\carND-behavioral-cloning\images\IMG\left_2020_09_13_19_31_52_395.jpg,E:\Workspace\CarND\carND-behavioral-cloning\images\IMG\right_2020_09_13_19_31_52_395.jpg,0,0.5823498,0,8.066565
E:\Workspace\CarND\carND-behavioral-cloning\images\IMG\center_2020_09_13_19_31_52_585.jpg,E:\Workspace\CarND\carND-behavioral-cloning\images\IMG\left_2020_09_13_19_31_52_585.jpg,E:\Workspace\CarND\carND-behavioral-cloning\images\IMG\right_2020_09_13_19_31_52_585.jpg,0,0.008431852,0,7.962194
E:\Workspace\CarND\carND-behavioral-cloning\images\IMG\center_2020_09_13_19_31_52_784.jpg,E:\Workspace\CarND\carND-behavioral-cloning\images\IMG\left_2020_09_13_19_31_52_784.jpg,E:\Workspace\CarND\carND-behavioral-cloning\images\IMG\right_2020_09_13_19_31_52_784.jpg,-0.5000001,0,0,7.741468
E:\Workspace\CarND\carND-behavioral-cloning\images\IMG\center_2020_09_13_19_31_52_976.jpg,E:\Workspace\CarND\carND-behavioral-cloning\images\IMG\left_2020_09_13_19_31_52_976.jpg,E:\Workspace\CarND\carND-behavioral-cloning\images\IMG\right_2020_09_13_19_31_52_976.jpg,-0.9500002,0,0,7.449245
E:\Workspace\CarND\carND-behavioral-cloning\images\IMG\center_2020_09_13_19_31_53_168.jpg,E:\Workspace\CarND\carND-behavioral-cloning\images\IMG\left_2020_09_13_19_31_53_168.jpg,E:\Workspace\CarND\carND-behavioral-cloning\images\IMG\right_2020_09_13_19_31_53_168.jpg,0,0,0,7.164566
E:\Workspace\CarND\carND-behavioral-cloning\images\IMG\center_2020_09_13_19_31_53_347.jpg,E:\Workspace\CarND\carND-behavioral-cloning\images\IMG\left_2020_09_13_19_31_53_347.jpg,E:\Workspace\CarND\carND-behavioral-cloning\images\IMG\right_2020_09_13_19_31_53_347.jpg,-0.45,0,0,6.993165
E:\Workspace\CarND\carND-behavioral-cloning\images\IMG\center_2020_09_13_19_31_53_538.jpg,E:\Workspace\CarND\carND-behavioral-cloning\images\IMG\left_2020_09_13_19_31_53_538.jpg,E:\Workspace\CarND\carND-behavioral-cloning\images\IMG\right_2020_09_13_19_31_53_538.jpg,0,0,0,6.84507
E:\Workspace\CarND\carND-behavioral-cloning\images\IMG\center_2020_09_13_19_31_53_721.jpg,E:\Workspace\CarND\carND-behavioral-cloning\images\IMG\left_2020_09_13_19_31_53_721.jpg,E:\Workspace\CarND\carND-behavioral-cloning\images\IMG\right_2020_09_13_19_31_53_721.jpg,-0.5000001,0,0,6.657735
E:\Workspace\CarND\carND-behavioral-cloning\images\IMG\center_2020_09_13_19_31_53_911.jpg,E:\Workspace\CarND\carND-behavioral-cloning\images\IMG\left_2020_09_13_19_31_53_911.jpg,E:\Workspace\CarND\carND-behavioral-cloning\images\IMG\right_2020_09_13_19_31_53_911.jpg,-0.9500002,0,0,6.409831
E:\Workspace\CarND\carND-behavioral-cloning\images\IMG\center_2020_09_13_19_31_54_097.jpg,E:\Workspace\CarND\carND-behavioral-cloning\images\IMG\left_2020_09_13_19_31_54_097.jpg,E:\Workspace\CarND\carND-behavioral-cloning\images\IMG\right_2020_09_13_19_31_54_097.jpg,0,0,0,6.17171
E:\Workspace\CarND\carND-behavioral-cloning\images\IMG\center_2020_09_13_19_31_54_311.jpg,E:\Workspace\CarND\carND-behavioral-cloning\images\IMG\left_2020_09_13_19_31_54_311.jpg,E:\Workspace\CarND\carND-behavioral-cloning\images\IMG\right_2020_09_13_19_31_54_311.jpg,0,0,0,6.036617
E:\Workspace\CarND\carND-behavioral-cloning\images\IMG\center_2020_09_13_19_31_54_500.jpg,E:\Workspace\CarND\carND-behavioral-cloning\images\IMG\left_2020_09_13_19_31_54_500.jpg,E:\Workspace\CarND\carND-behavioral-cloning\images\IMG\right_2020_09_13_19_31_54_500.jpg,-0.5000001,0,0,5.871645
E:\Workspace\CarND\carND-behavioral-cloning\images\IMG\center_2020_09_13_19_31_54_689.jpg,E:\Workspace\CarND\carND-behavioral-cloning\images\IMG\left_2020_09_13_19_31_54_689.jpg,E:\Workspace\CarND\carND-behavioral-cloning\images\IMG\right_2020_09_13_19_31_54_689.jpg,-0.9500002,0,0,5.655277
E:\Workspace\CarND\carND-behavioral-cloning\images\IMG\center_2020_09_13_19_31_54_882.jpg,E:\Workspace\CarND\carND-behavioral-cloning\images\IMG\left_2020_09_13_19_31_54_882.jpg,E:\Workspace\CarND\carND-behavioral-cloning\images\IMG\right_2020_09_13_19_31_54_882.jpg,0,0,0,5.432012
E:\Workspace\CarND\carND-behavioral-cloning\images\IMG\center_2020_09_13_19_31_55_064.jpg,E:\Workspace\CarND\carND-behavioral-cloning\images\IMG\left_2020_09_13_19_31_55_064.jpg,E:\Workspace\CarND\carND-behavioral-cloning\images\IMG\right_2020_09_13_19_31_55_064.jpg,0,0,0,5.337031
E:\Workspace\CarND\carND-behavioral-cloning\images\IMG\center_2020_09_13_19_31_55_253.jpg,E:\Workspace\CarND\carND-behavioral-cloning\images\IMG\left_2020_09_13_19_31_55_253.jpg,E:\Workspace\CarND\carND-behavioral-cloning\images\IMG\right_2020_09_13_19_31_55_253.jpg,0,0,0,5.243833
E:\Workspace\CarND\carND-behavioral-cloning\images\IMG\center_2020_09_13_19_31_55_450.jpg,E:\Workspace\CarND\carND-behavioral-cloning\images\IMG\left_2020_09_13_19_31_55_450.jpg,E:\Workspace\CarND\carND-behavioral-cloning\images\IMG\right_2020_09_13_19_31_55_450.jpg,0,0,0,5.142245
E:\Workspace\CarND\carND-behavioral-cloning\images\IMG\center_2020_09_13_19_31_55_629.jpg,E:\Workspace\CarND\carND-behavioral-cloning\images\IMG\left_2020_09_13_19_31_55_629.jpg,E:\Workspace\CarND\carND-behavioral-cloning\images\IMG\right_2020_09_13_19_31_55_629.jpg,-0.45,0,0,5.021758
E:\Workspace\CarND\carND-behavioral-cloning\images\IMG\center_2020_09_13_19_31_55_814.jpg,E:\Workspace\CarND\carND-behavioral-cloning\images\IMG\left_2020_09_13_19_31_55_814.jpg,E:\Workspace\CarND\carND-behavioral-cloning\images\IMG\right_2020_09_13_19_31_55_814.jpg,0,0,0,4.916224
E:\Workspace\CarND\carND-behavioral-cloning\images\IMG\center_2020_09_13_19_31_56_005.jpg,E:\Workspace\CarND\carND-behavioral-cloning\images\IMG\left_2020_09_13_19_31_56_005.jpg,E:\Workspace\CarND\carND-behavioral-cloning\images\IMG\right_2020_09_13_19_31_56_005.jpg,0,0,0,4.821683
E:\Workspace\CarND\carND-behavioral-cloning\images\IMG\center_2020_09_13_19_31_56_205.jpg,E:\Workspace\CarND\carND-behavioral-cloning\images\IMG\left_2020_09_13_19_31_56_205.jpg,E:\Workspace\CarND\carND-behavioral-cloning\images\IMG\right_2020_09_13_19_31_56_205.jpg,0,0,0,4.72906
E:\Workspace\CarND\carND-behavioral-cloning\images\IMG\center_2020_09_13_19_31_56_394.jpg,E:\Workspace\CarND\carND-behavioral-cloning\images\IMG\left_2020_09_13_19_31_56_394.jpg,E:\Workspace\CarND\carND-behavioral-cloning\images\IMG\right_2020_09_13_19_31_56_394.jpg,0,0,0,4.647284
E:\Workspace\CarND\carND-behavioral-cloning\images\IMG\center_2020_09_13_19_31_56_594.jpg,E:\Workspace\CarND\carND-behavioral-cloning\images\IMG\left_2020_09_13_19_31_56_594.jpg,E:\Workspace\CarND\carND-behavioral-cloning\images\IMG\right_2020_09_13_19_31_56_594.jpg,0,0.5882229,0,5.950632
E:\Workspace\CarND\carND-behavioral-cloning\images\IMG\center_2020_09_13_19_31_56_772.jpg,E:\Workspace\CarND\carND-behavioral-cloning\images\IMG\left_2020_09_13_19_31_56_772.jpg,E:\Workspace\CarND\carND-behavioral-cloning\images\IMG\right_2020_09_13_19_31_56_772.jpg,0,0.04818845,0,5.979258
E:\Workspace\CarND\carND-behavioral-cloning\images\IMG\center_2020_09_13_19_31_56_965.jpg,E:\Workspace\CarND\carND-behavioral-cloning\images\IMG\left_2020_09_13_19_31_56_965.jpg,E:\Workspace\CarND\carND-behavioral-cloning\images\IMG\right_2020_09_13_19_31_56_965.jpg,0,0,0,5.866199
E:\Workspace\CarND\carND-behavioral-cloning\images\IMG\center_2020_09_13_19_31_57_157.jpg,E:\Workspace\CarND\carND-behavioral-cloning\images\IMG\left_2020_09_13_19_31_57_157.jpg,E:\Workspace\CarND\carND-behavioral-cloning\images\IMG\right_2020_09_13_19_31_57_157.jpg,0,0.5767428,0,6.986446
E:\Workspace\CarND\carND-behavioral-cloning\images\IMG\center_2020_09_13_19_31_57_338.jpg,E:\Workspace\CarND\carND-behavioral-cloning\images\IMG\left_2020_09_13_19_31_57_338.jpg,E:\Workspace\CarND\carND-behavioral-cloning\images\IMG\right_2020_09_13_19_31_57_338.jpg,0,0.03026968,0,6.961991
E:\Workspace\CarND\carND-behavioral-cloning\images\IMG\center_2020_09_13_19_31_57_527.jpg,E:\Workspace\CarND\carND-behavioral-cloning\images\IMG\left_2020_09_13_19_31_57_527.jpg,E:\Workspace\CarND\carND-behavioral-cloning\images\IMG\right_2020_09_13_19_31_57_527.jpg,0,0.5898219,0,8.213469
E:\Workspace\CarND\carND-behavioral-cloning\images\IMG\center_2020_09_13_19_31_57_723.jpg,E:\Workspace\CarND\carND-behavioral-cloning\images\IMG\left_2020_09_13_19_31_57_723.jpg,E:\Workspace\CarND\carND-behavioral-cloning\images\IMG\right_2020_09_13_19_31_57_723.jpg,0,0,0,8.090055
E:\Workspace\CarND\carND-behavioral-cloning\images\IMG\center_2020_09_13_19_31_57_914.jpg,E:\Workspace\CarND\carND-behavioral-cloning\images\IMG\left_2020_09_13_19_31_57_914.jpg,E:\Workspace\CarND\carND-behavioral-cloning\images\IMG\right_2020_09_13_19_31_57_914.jpg,0,0.5693592,0,9.143391
E:\Workspace\CarND\carND-behavioral-cloning\images\IMG\center_2020_09_13_19_31_58_096.jpg,E:\Workspace\CarND\carND-behavioral-cloning\images\IMG\left_2020_09_13_19_31_58_096.jpg,E:\Workspace\CarND\carND-behavioral-cloning\images\IMG\right_2020_09_13_19_31_58_096.jpg,0,0.01743001,0,9.058431
E:\Workspace\CarND\carND-behavioral-cloning\images\IMG\center_2020_09_13_19_31_58_284.jpg,E:\Workspace\CarND\carND-behavioral-cloning\images\IMG\left_2020_09_13_19_31_58_284.jpg,E:\Workspace\CarND\carND-behavioral-cloning\images\IMG\right_2020_09_13_19_31_58_284.jpg,0,0.5815008,0,10.23721
E:\Workspace\CarND\carND-behavioral-cloning\images\IMG\center_2020_09_13_19_31_58_468.jpg,E:\Workspace\CarND\carND-behavioral-cloning\images\IMG\left_2020_09_13_19_31_58_468.jpg,E:\Workspace\CarND\carND-behavioral-cloning\images\IMG\right_2020_09_13_19_31_58_468.jpg,0,0.02844423,0,10.15855
E:\Workspace\CarND\carND-behavioral-cloning\images\IMG\center_2020_09_13_19_31_58_653.jpg,E:\Workspace\CarND\carND-behavioral-cloning\images\IMG\left_2020_09_13_19_31_58_653.jpg,E:\Workspace\CarND\carND-behavioral-cloning\images\IMG\right_2020_09_13_19_31_58_653.jpg,0,0.5804421,0,11.19055
E:\Workspace\CarND\carND-behavioral-cloning\images\IMG\center_2020_09_13_19_31_58_851.jpg,E:\Workspace\CarND\carND-behavioral-cloning\images\IMG\left_2020_09_13_19_31_58_851.jpg,E:\Workspace\CarND\carND-behavioral-cloning\images\IMG\right_2020_09_13_19_31_58_851.jpg,0,0,0,11.01628
E:\Workspace\CarND\carND-behavioral-cloning\images\IMG\center_2020_09_13_19_31_59_049.jpg,E:\Workspace\CarND\carND-behavioral-cloning\images\IMG\left_2020_09_13_19_31_59_049.jpg,E:\Workspace\CarND\carND-behavioral-cloning\images\IMG\right_2020_09_13_19_31_59_049.jpg,0,0.5906919,0,12.03546
E:\Workspace\CarND\carND-behavioral-cloning\images\IMG\center_2020_09_13_19_31_59_389.jpg,E:\Workspace\CarND\carND-behavioral-cloning\images\IMG\left_2020_09_13_19_31_59_389.jpg,E:\Workspace\CarND\carND-behavioral-cloning\images\IMG\right_2020_09_13_19_31_59_389.jpg,0,0.03672481,0,12.27012
E:\Workspace\CarND\carND-behavioral-cloning\images\IMG\center_2020_09_13_19_31_59_578.jpg,E:\Workspace\CarND\carND-behavioral-cloning\images\IMG\left_2020_09_13_19_31_59_578.jpg,E:\Workspace\CarND\carND-behavioral-cloning\images\IMG\right_2020_09_13_19_31_59_578.jpg,-0.5500001,0,0,11.41062
E:\Workspace\CarND\carND-behavioral-cloning\images\IMG\center_2020_09_13_19_31_59_772.jpg,E:\Workspace\CarND\carND-behavioral-cloning\images\IMG\left_2020_09_13_19_31_59_772.jpg,E:\Workspace\CarND\carND-behavioral-cloning\images\IMG\right_2020_09_13_19_31_59_772.jpg,0,0,0,11.5243
E:\Workspace\CarND\carND-behavioral-cloning\images\IMG\center_2020_09_13_19_31_59_972.jpg,E:\Workspace\CarND\carND-behavioral-cloning\images\IMG\left_2020_09_13_19_31_59_972.jpg,E:\Workspace\CarND\carND-behavioral-cloning\images\IMG\right_2020_09_13_19_31_59_972.jpg,0,0,0,11.18414
E:\Workspace\CarND\carND-behavioral-cloning\images\IMG\center_2020_09_13_19_32_00_046.jpg,E:\Workspace\CarND\carND-behavioral-cloning\images\IMG\left_2020_09_13_19_32_00_046.jpg,E:\Workspace\CarND\carND-behavioral-cloning\images\IMG\right_2020_09_13_19_32_00_046.jpg,0,0,0,10.97575
E:\Workspace\CarND\carND-behavioral-cloning\images\IMG\center_2020_09_13_19_32_00_237.jpg,E:\Workspace\CarND\carND-behavioral-cloning\images\IMG\left_2020_09_13_19_32_00_237.jpg,E:\Workspace\CarND\carND-behavioral-cloning\images\IMG\right_2020_09_13_19_32_00_237.jpg,-0.45,0,0,10.7094
E:\Workspace\CarND\carND-behavioral-cloning\images\IMG\center_2020_09_13_19_32_00_415.jpg,E:\Workspace\CarND\carND-behavioral-cloning\images\IMG\left_2020_09_13_19_32_00_415.jpg,E:\Workspace\CarND\carND-behavioral-cloning\images\IMG\right_2020_09_13_19_32_00_415.jpg,0,0,0,10.49102
E:\Workspace\CarND\carND-behavioral-cloning\images\IMG\center_2020_09_13_19_32_00_606.jpg,E:\Workspace\CarND\carND-behavioral-cloning\images\IMG\left_2020_09_13_19_32_00_606.jpg,E:\Workspace\CarND\carND-behavioral-cloning\images\IMG\right_2020_09_13_19_32_00_606.jpg,0,0,0,10.28045
E:\Workspace\CarND\carND-behavioral-cloning\images\IMG\center_2020_09_13_19_32_00_813.jpg,E:\Workspace\CarND\carND-behavioral-cloning\images\IMG\left_2020_09_13_19_32_00_813.jpg,E:\Workspace\CarND\carND-behavioral-cloning\images\IMG\right_2020_09_13_19_32_00_813.jpg,0,0.6076503,0,11.37246
E:\Workspace\CarND\carND-behavioral-cloning\images\IMG\center_2020_09_13_19_32_01_169.jpg,E:\Workspace\CarND\carND-behavioral-cloning\images\IMG\left_2020_09_13_19_32_01_169.jpg,E:\Workspace\CarND\carND-behavioral-cloning\images\IMG\right_2020_09_13_19_32_01_169.jpg,0,0,0,11.2943
E:\Workspace\CarND\carND-behavioral-cloning\images\IMG\center_2020_09_13_19_32_01_360.jpg,E:\Workspace\CarND\carND-behavioral-cloning\images\IMG\left_2020_09_13_19_32_01_360.jpg,E:\Workspace\CarND\carND-behavioral-cloning\images\IMG\right_2020_09_13_19_32_01_360.jpg,0,0.4982268,0,11.86069
E:\Workspace\CarND\carND-behavioral-cloning\images\IMG\center_2020_09_13_19_32_01_557.jpg,E:\Workspace\CarND\carND-behavioral-cloning\images\IMG\left_2020_09_13_19_32_01_557.jpg,E:\Workspace\CarND\carND-behavioral-cloning\images\IMG\right_2020_09_13_19_32_01_557.jpg,0,0,0,11.81296
E:\Workspace\CarND\carND-behavioral-cloning\images\IMG\center_2020_09_13_19_32_01_751.jpg,E:\Workspace\CarND\carND-behavioral-cloning\images\IMG\left_2020_09_13_19_32_01_751.jpg,E:\Workspace\CarND\carND-behavioral-cloning\images\IMG\right_2020_09_13_19_32_01_751.jpg,0,0.5993211,0,12.90149
E:\Workspace\CarND\carND-behavioral-cloning\images\IMG\center_2020_09_13_19_32_01_935.jpg,E:\Workspace\CarND\carND-behavioral-cloning\images\IMG\left_2020_09_13_19_32_01_935.jpg,E:\Workspace\CarND\carND-behavioral-cloning\images\IMG\right_2020_09_13_19_32_01_935.jpg,0,0.04063922,0,12.92908
E:\Workspace\CarND\carND-behavioral-cloning\images\IMG\center_2020_09_13_19_32_02_124.jpg,E:\Workspace\CarND\carND-behavioral-cloning\images\IMG\left_2020_09_13_19_32_02_124.jpg,E:\Workspace\CarND\carND-behavioral-cloning\images\IMG\right_2020_09_13_19_32_02_124.jpg,0,0.6115401,0,13.95099
E:\Workspace\CarND\carND-behavioral-cloning\images\IMG\center_2020_09_13_19_32_02_324.jpg,E:\Workspace\CarND\carND-behavioral-cloning\images\IMG\left_2020_09_13_19_32_02_324.jpg,E:\Workspace\CarND\carND-behavioral-cloning\images\IMG\right_2020_09_13_19_32_02_324.jpg,-0.5000001,0.03339064,0,13.56264
E:\Workspace\CarND\carND-behavioral-cloning\images\IMG\center_2020_09_13_19_32_02_536.jpg,E:\Workspace\CarND\carND-behavioral-cloning\images\IMG\left_2020_09_13_19_32_02_536.jpg,E:\Workspace\CarND\carND-behavioral-cloning\images\IMG\right_2020_09_13_19_32_02_536.jpg,-0.9500002,0,0,13.2984
E:\Workspace\CarND\carND-behavioral-cloning\images\IMG\center_2020_09_13_19_32_02_735.jpg,E:\Workspace\CarND\carND-behavioral-cloning\images\IMG\left_2020_09_13_19_32_02_735.jpg,E:\Workspace\CarND\carND-behavioral-cloning\images\IMG\right_2020_09_13_19_32_02_735.jpg,0,0,0,12.67197
E:\Workspace\CarND\carND-behavioral-cloning\images\IMG\center_2020_09_13_19_32_02_951.jpg,E:\Workspace\CarND\carND-behavioral-cloning\images\IMG\left_2020_09_13_19_32_02_951.jpg,E:\Workspace\CarND\carND-behavioral-cloning\images\IMG\right_2020_09_13_19_32_02_951.jpg,0,0,0,12.43802
E:\Workspace\CarND\carND-behavioral-cloning\images\IMG\center_2020_09_13_19_32_03_153.jpg,E:\Workspace\CarND\carND-behavioral-cloning\images\IMG\left_2020_09_13_19_32_03_153.jpg,E:\Workspace\CarND\carND-behavioral-cloning\images\IMG\right_2020_09_13_19_32_03_153.jpg,-0.5500001,0,0,12.20228
E:\Workspace\CarND\carND-behavioral-cloning\images\IMG\center_2020_09_13_19_32_03_363.jpg,E:\Workspace\CarND\carND-behavioral-cloning\images\IMG\left_2020_09_13_19_32_03_363.jpg,E:\Workspace\CarND\carND-behavioral-cloning\images\IMG\right_2020_09_13_19_32_03_363.jpg,0,0,0,11.91103
E:\Workspace\CarND\carND-behavioral-cloning\images\IMG\center_2020_09_13_19_32_03_574.jpg,E:\Workspace\CarND\carND-behavioral-cloning\images\IMG\left_2020_09_13_19_32_03_574.jpg,E:\Workspace\CarND\carND-behavioral-cloning\images\IMG\right_2020_09_13_19_32_03_574.jpg,0,0,0,11.72206
E:\Workspace\CarND\carND-behavioral-cloning\images\IMG\center_2020_09_13_19_32_03_786.jpg,E:\Workspace\CarND\carND-behavioral-cloning\images\IMG\left_2020_09_13_19_32_03_786.jpg,E:\Workspace\CarND\carND-behavioral-cloning\images\IMG\right_2020_09_13_19_32_03_786.jpg,-0.5500001,0,0,11.23621
E:\Workspace\CarND\carND-behavioral-cloning\images\IMG\center_2020_09_13_19_32_03_990.jpg,E:\Workspace\CarND\carND-behavioral-cloning\images\IMG\left_2020_09_13_19_32_03_990.jpg,E:\Workspace\CarND\carND-behavioral-cloning\images\IMG\right_2020_09_13_19_32_03_990.jpg,0,0,0,10.9965
E:\Workspace\CarND\carND-behavioral-cloning\images\IMG\center_2020_09_13_19_32_04_045.jpg,E:\Workspace\CarND\carND-behavioral-cloning\images\IMG\left_2020_09_13_19_32_04_045.jpg,E:\Workspace\CarND\carND-behavioral-cloning\images\IMG\right_2020_09_13_19_32_04_045.jpg,0,0,0,10.75813
E:\Workspace\CarND\carND-behavioral-cloning\images\IMG\center_2020_09_13_19_32_04_249.jpg,E:\Workspace\CarND\carND-behavioral-cloning\images\IMG\left_2020_09_13_19_32_04_249.jpg,E:\Workspace\CarND\carND-behavioral-cloning\images\IMG\right_2020_09_13_19_32_04_249.jpg,0,0,0,10.5463
E:\Workspace\CarND\carND-behavioral-cloning\images\IMG\center_2020_09_13_19_32_04_456.jpg,E:\Workspace\CarND\carND-behavioral-cloning\images\IMG\left_2020_09_13_19_32_04_456.jpg,E:\Workspace\CarND\carND-behavioral-cloning\images\IMG\right_2020_09_13_19_32_04_456.jpg,0,0,0,10.33872
E:\Workspace\CarND\carND-behavioral-cloning\images\IMG\center_2020_09_13_19_32_04_658.jpg,E:\Workspace\CarND\carND-behavioral-cloning\images\IMG\left_2020_09_13_19_32_04_658.jpg,E:\Workspace\CarND\carND-behavioral-cloning\images\IMG\right_2020_09_13_19_32_04_658.jpg,0,0.6064308,0,11.43337
E:\Workspace\CarND\carND-behavioral-cloning\images\IMG\center_2020_09_13_19_32_05_017.jpg,E:\Workspace\CarND\carND-behavioral-cloning\images\IMG\left_2020_09_13_19_32_05_017.jpg,E:\Workspace\CarND\carND-behavioral-cloning\images\IMG\right_2020_09_13_19_32_05_017.jpg,0,0,0,11.27286
E:\Workspace\CarND\carND-behavioral-cloning\images\IMG\center_2020_09_13_19_32_05_223.jpg,E:\Workspace\CarND\carND-behavioral-cloning\images\IMG\left_2020_09_13_19_32_05_223.jpg,E:\Workspace\CarND\carND-behavioral-cloning\images\IMG\right_2020_09_13_19_32_05_223.jpg,0,0.6354159,0,12.37438
E:\Workspace\CarND\carND-behavioral-cloning\images\IMG\center_2020_09_13_19_32_05_428.jpg,E:\Workspace\CarND\carND-behavioral-cloning\images\IMG\left_2020_09_13_19_32_05_428.jpg,E:\Workspace\CarND\carND-behavioral-cloning\images\IMG\right_2020_09_13_19_32_05_428.jpg,0,0.03713548,0,12.58708
E:\Workspace\CarND\carND-behavioral-cloning\images\IMG\center_2020_09_13_19_32_05_631.jpg,E:\Workspace\CarND\carND-behavioral-cloning\images\IMG\left_2020_09_13_19_32_05_631.jpg,E:\Workspace\CarND\carND-behavioral-cloning\images\IMG\right_2020_09_13_19_32_05_631.jpg,0,0.6514998,0,13.52594
E:\Workspace\CarND\carND-behavioral-cloning\images\IMG\center_2020_09_13_19_32_05_839.jpg,E:\Workspace\CarND\carND-behavioral-cloning\images\IMG\left_2020_09_13_19_32_05_839.jpg,E:\Workspace\CarND\carND-behavioral-cloning\images\IMG\right_2020_09_13_19_32_05_839.jpg,0,0.05778724,0,13.34564
E:\Workspace\CarND\carND-behavioral-cloning\images\IMG\center_2020_09_13_19_32_06_044.jpg,E:\Workspace\CarND\carND-behavioral-cloning\images\IMG\left_2020_09_13_19_32_06_044.jpg,E:\Workspace\CarND\carND-behavioral-cloning\images\IMG\right_2020_09_13_19_32_06_044.jpg,0,0.686061,0,15.13336
E:\Workspace\CarND\carND-behavioral-cloning\images\IMG\center_2020_09_13_19_32_06_250.jpg,E:\Workspace\CarND\carND-behavioral-cloning\images\IMG\left_2020_09_13_19_32_06_250.jpg,E:\Workspace\CarND\carND-behavioral-cloning\images\IMG\right_2020_09_13_19_32_06_250.jpg,0,0.06841385,0,14.93972
E:\Workspace\CarND\carND-behavioral-cloning\images\IMG\center_2020_09_13_19_32_06_452.jpg,E:\Workspace\CarND\carND-behavioral-cloning\images\IMG\left_2020_09_13_19_32_06_452.jpg,E:\Workspace\CarND\carND-behavioral-cloning\images\IMG\right_2020_09_13_19_32_06_452.jpg,0,0,0,14.66042
E:\Workspace\CarND\carND-behavioral-cloning\images\IMG\center_2020_09_13_19_32_06_659.jpg,E:\Workspace\CarND\carND-behavioral-cloning\images\IMG\left_2020_09_13_19_32_06_659.jpg,E:\Workspace\CarND\carND-behavioral-cloning\images\IMG\right_2020_09_13_19_32_06_659.jpg,-0.5500001,0,0,14.24806
E:\Workspace\CarND\carND-behavioral-cloning\images\IMG\center_2020_09_13_19_32_06_849.jpg,E:\Workspace\CarND\carND-behavioral-cloning\images\IMG\left_2020_09_13_19_32_06_849.jpg,E:\Workspace\CarND\carND-behavioral-cloning\images\IMG\right_2020_09_13_19_32_06_849.jpg,0,0,0,13.95956
E:\Workspace\CarND\carND-behavioral-cloning\images\IMG\center_2020_09_13_19_32_07_087.jpg,E:\Workspace\CarND\carND-behavioral-cloning\images\IMG\left_2020_09_13_19_32_07_087.jpg,E:\Workspace\CarND\carND-behavioral-cloning\images\IMG\right_2020_09_13_19_32_07_087.jpg,0,0,0,13.73883
E:\Workspace\CarND\carND-behavioral-cloning\images\IMG\center_2020_09_13_19_32_07_290.jpg,E:\Workspace\CarND\carND-behavioral-cloning\images\IMG\left_2020_09_13_19_32_07_290.jpg,E:\Workspace\CarND\carND-behavioral-cloning\images\IMG\right_2020_09_13_19_32_07_290.jpg,0,0,0,13.3962
E:\Workspace\CarND\carND-behavioral-cloning\images\IMG\center_2020_09_13_19_32_07_485.jpg,E:\Workspace\CarND\carND-behavioral-cloning\images\IMG\left_2020_09_13_19_32_07_485.jpg,E:\Workspace\CarND\carND-behavioral-cloning\images\IMG\right_2020_09_13_19_32_07_485.jpg,-0.5000001,0,0,12.93252
E:\Workspace\CarND\carND-behavioral-cloning\images\IMG\center_2020_09_13_19_32_07_683.jpg,E:\Workspace\CarND\carND-behavioral-cloning\images\IMG\left_2020_09_13_19_32_07_683.jpg,E:\Workspace\CarND\carND-behavioral-cloning\images\IMG\right_2020_09_13_19_32_07_683.jpg,0,0,0,12.67024
E:\Workspace\CarND\carND-behavioral-cloning\images\IMG\center_2020_09_13_19_32_07_882.jpg,E:\Workspace\CarND\carND-behavioral-cloning\images\IMG\left_2020_09_13_19_32_07_882.jpg,E:\Workspace\CarND\carND-behavioral-cloning\images\IMG\right_2020_09_13_19_32_07_882.jpg,0,0,0,12.36531
E:\Workspace\CarND\carND-behavioral-cloning\images\IMG\center_2020_09_13_19_32_08_091.jpg,E:\Workspace\CarND\carND-behavioral-cloning\images\IMG\left_2020_09_13_19_32_08_091.jpg,E:\Workspace\CarND\carND-behavioral-cloning\images\IMG\right_2020_09_13_19_32_08_091.jpg,0,0,0,12.12961
E:\Workspace\CarND\carND-behavioral-cloning\images\IMG\center_2020_09_13_19_32_08_291.jpg,E:\Workspace\CarND\carND-behavioral-cloning\images\IMG\left_2020_09_13_19_32_08_291.jpg,E:\Workspace\CarND\carND-behavioral-cloning\images\IMG\right_2020_09_13_19_32_08_291.jpg,-0.5000001,0,0,11.86567
E:\Workspace\CarND\carND-behavioral-cloning\images\IMG\center_2020_09_13_19_32_08_499.jpg,E:\Workspace\CarND\carND-behavioral-cloning\images\IMG\left_2020_09_13_19_32_08_499.jpg,E:\Workspace\CarND\carND-behavioral-cloning\images\IMG\right_2020_09_13_19_32_08_499.jpg,0,0,0,11.50182
E:\Workspace\CarND\carND-behavioral-cloning\images\IMG\center_2020_09_13_19_32_08_705.jpg,E:\Workspace\CarND\carND-behavioral-cloning\images\IMG\left_2020_09_13_19_32_08_705.jpg,E:\Workspace\CarND\carND-behavioral-cloning\images\IMG\right_2020_09_13_19_32_08_705.jpg,0,0,0,11.20577
E:\Workspace\CarND\carND-behavioral-cloning\images\IMG\center_2020_09_13_19_32_08_910.jpg,E:\Workspace\CarND\carND-behavioral-cloning\images\IMG\left_2020_09_13_19_32_08_910.jpg,E:\Workspace\CarND\carND-behavioral-cloning\images\IMG\right_2020_09_13_19_32_08_910.jpg,0,0,0,11.11998
E:\Workspace\CarND\carND-behavioral-cloning\images\IMG\center_2020_09_13_19_32_08_973.jpg,E:\Workspace\CarND\carND-behavioral-cloning\images\IMG\left_2020_09_13_19_32_08_973.jpg,E:\Workspace\CarND\carND-behavioral-cloning\images\IMG\right_2020_09_13_19_32_08_973.jpg,-0.5500001,0,0,10.77175
E:\Workspace\CarND\carND-behavioral-cloning\images\IMG\center_2020_09_13_19_32_09_329.jpg,E:\Workspace\CarND\carND-behavioral-cloning\images\IMG\left_2020_09_13_19_32_09_329.jpg,E:\Workspace\CarND\carND-behavioral-cloning\images\IMG\right_2020_09_13_19_32_09_329.jpg,0,0.5965038,0,11.8528
E:\Workspace\CarND\carND-behavioral-cloning\images\IMG\center_2020_09_13_19_32_09_544.jpg,E:\Workspace\CarND\carND-behavioral-cloning\images\IMG\left_2020_09_13_19_32_09_544.jpg,E:\Workspace\CarND\carND-behavioral-cloning\images\IMG\right_2020_09_13_19_32_09_544.jpg,0,0,0,11.4971
E:\Workspace\CarND\carND-behavioral-cloning\images\IMG\center_2020_09_13_19_32_09_749.jpg,E:\Workspace\CarND\carND-behavioral-cloning\images\IMG\left_2020_09_13_19_32_09_749.jpg,E:\Workspace\CarND\carND-behavioral-cloning\images\IMG\right_2020_09_13_19_32_09_749.jpg,-0.5000001,0,0,11.19112
E:\Workspace\CarND\carND-behavioral-cloning\images\IMG\center_2020_09_13_19_32_09_948.jpg,E:\Workspace\CarND\carND-behavioral-cloning\images\IMG\left_2020_09_13_19_32_09_948.jpg,E:\Workspace\CarND\carND-behavioral-cloning\images\IMG\right_2020_09_13_19_32_09_948.jpg,-1,0,0,10.83129
E:\Workspace\CarND\carND-behavioral-cloning\images\IMG\center_2020_09_13_19_32_10_003.jpg,E:\Workspace\CarND\carND-behavioral-cloning\images\IMG\left_2020_09_13_19_32_10_003.jpg,E:\Workspace\CarND\carND-behavioral-cloning\images\IMG\right_2020_09_13_19_32_10_003.jpg,0,0,0,10.418
E:\Workspace\CarND\carND-behavioral-cloning\images\IMG\center_2020_09_13_19_32_10_211.jpg,E:\Workspace\CarND\carND-behavioral-cloning\images\IMG\left_2020_09_13_19_32_10_211.jpg,E:\Workspace\CarND\carND-behavioral-cloning\images\IMG\right_2020_09_13_19_32_10_211.jpg,0,0,0,10.20904
E:\Workspace\CarND\carND-behavioral-cloning\images\IMG\center_2020_09_13_19_32_10_433.jpg,E:\Workspace\CarND\carND-behavioral-cloning\images\IMG\left_2020_09_13_19_32_10_433.jpg,E:\Workspace\CarND\carND-behavioral-cloning\images\IMG\right_2020_09_13_19_32_10_433.jpg,0,0.6682464,0,11.89134
E:\Workspace\CarND\carND-behavioral-cloning\images\IMG\center_2020_09_13_19_32_10_788.jpg,E:\Workspace\CarND\carND-behavioral-cloning\images\IMG\left_2020_09_13_19_32_10_788.jpg,E:\Workspace\CarND\carND-behavioral-cloning\images\IMG\right_2020_09_13_19_32_10_788.jpg,-0.5000001,0.0934329,0,11.78427
E:\Workspace\CarND\carND-behavioral-cloning\images\IMG\center_2020_09_13_19_32_11_002.jpg,E:\Workspace\CarND\carND-behavioral-cloning\images\IMG\left_2020_09_13_19_32_11_002.jpg,E:\Workspace\CarND\carND-behavioral-cloning\images\IMG\right_2020_09_13_19_32_11_002.jpg,-1,0,0,11.14371
E:\Workspace\CarND\carND-behavioral-cloning\images\IMG\center_2020_09_13_19_32_11_060.jpg,E:\Workspace\CarND\carND-behavioral-cloning\images\IMG\left_2020_09_13_19_32_11_060.jpg,E:\Workspace\CarND\carND-behavioral-cloning\images\IMG\right_2020_09_13_19_32_11_060.jpg,0,0,0,10.69442
E:\Workspace\CarND\carND-behavioral-cloning\images\IMG\center_2020_09_13_19_32_11_262.jpg,E:\Workspace\CarND\carND-behavioral-cloning\images\IMG\left_2020_09_13_19_32_11_262.jpg,E:\Workspace\CarND\carND-behavioral-cloning\images\IMG\right_2020_09_13_19_32_11_262.jpg,0,0,0,10.48034
E:\Workspace\CarND\carND-behavioral-cloning\images\IMG\center_2020_09_13_19_32_11_481.jpg,E:\Workspace\CarND\carND-behavioral-cloning\images\IMG\left_2020_09_13_19_32_11_481.jpg,E:\Workspace\CarND\carND-behavioral-cloning\images\IMG\right_2020_09_13_19_32_11_481.jpg,0,0,0,10.25031
E:\Workspace\CarND\carND-behavioral-cloning\images\IMG\center_2020_09_13_19_32_11_684.jpg,E:\Workspace\CarND\carND-behavioral-cloning\images\IMG\left_2020_09_13_19_32_11_684.jpg,E:\Workspace\CarND\carND-behavioral-cloning\images\IMG\right_2020_09_13_19_32_11_684.jpg,0,0,0,10.04053
E:\Workspace\CarND\carND-behavioral-cloning\images\IMG\center_2020_09_13_19_32_11_895.jpg,E:\Workspace\CarND\carND-behavioral-cloning\images\IMG\left_2020_09_13_19_32_11_895.jpg,E:\Workspace\CarND\carND-behavioral-cloning\images\IMG\right_2020_09_13_19_32_11_895.jpg,0,0,0,9.835135
E:\Workspace\CarND\carND-behavioral-cloning\images\IMG\center_2020_09_13_19_32_12_106.jpg,E:\Workspace\CarND\carND-behavioral-cloning\images\IMG\left_2020_09_13_19_32_12_106.jpg,E:\Workspace\CarND\carND-behavioral-cloning\images\IMG\right_2020_09_13_19_32_12_106.jpg,0.5500001,0,0,9.522081
E:\Workspace\CarND\carND-behavioral-cloning\images\IMG\center_2020_09_13_19_32_12_314.jpg,E:\Workspace\CarND\carND-behavioral-cloning\images\IMG\left_2020_09_13_19_32_12_314.jpg,E:\Workspace\CarND\carND-behavioral-cloning\images\IMG\right_2020_09_13_19_32_12_314.jpg,0,0,0,9.285345
E:\Workspace\CarND\carND-behavioral-cloning\images\IMG\center_2020_09_13_19_32_12_530.jpg,E:\Workspace\CarND\carND-behavioral-cloning\images\IMG\left_2020_09_13_19_32_12_530.jpg,E:\Workspace\CarND\carND-behavioral-cloning\images\IMG\right_2020_09_13_19_32_12_530.jpg,0,0,0,9.073589
E:\Workspace\CarND\carND-behavioral-cloning\images\IMG\center_2020_09_13_19_32_12_745.jpg,E:\Workspace\CarND\carND-behavioral-cloning\images\IMG\left_2020_09_13_19_32_12_745.jpg,E:\Workspace\CarND\carND-behavioral-cloning\images\IMG\right_2020_09_13_19_32_12_745.jpg,0.5500001,0,0,8.78314
E:\Workspace\CarND\carND-behavioral-cloning\images\IMG\center_2020_09_13_19_32_12_961.jpg,E:\Workspace\CarND\carND-behavioral-cloning\images\IMG\left_2020_09_13_19_32_12_961.jpg,E:\Workspace\CarND\carND-behavioral-cloning\images\IMG\right_2020_09_13_19_32_12_961.jpg,0,0,0,8.54425
E:\Workspace\CarND\carND-behavioral-cloning\images\IMG\center_2020_09_13_19_32_13_174.jpg,E:\Workspace\CarND\carND-behavioral-cloning\images\IMG\left_2020_09_13_19_32_13_174.jpg,E:\Workspace\CarND\carND-behavioral-cloning\images\IMG\right_2020_09_13_19_32_13_174.jpg,0,0,0,8.368547
E:\Workspace\CarND\carND-behavioral-cloning\images\IMG\center_2020_09_13_19_32_13_390.jpg,E:\Workspace\CarND\carND-behavioral-cloning\images\IMG\left_2020_09_13_19_32_13_390.jpg,E:\Workspace\CarND\carND-behavioral-cloning\images\IMG\right_2020_09_13_19_32_13_390.jpg,0,0,0,8.181127
E:\Workspace\CarND\carND-behavioral-cloning\images\IMG\center_2020_09_13_19_32_13_610.jpg,E:\Workspace\CarND\carND-behavioral-cloning\images\IMG\left_2020_09_13_19_32_13_610.jpg,E:\Workspace\CarND\carND-behavioral-cloning\images\IMG\right_2020_09_13_19_32_13_610.jpg,0.5500001,0,0,7.922851
E:\Workspace\CarND\carND-behavioral-cloning\images\IMG\center_2020_09_13_19_32_13_824.jpg,E:\Workspace\CarND\carND-behavioral-cloning\images\IMG\left_2020_09_13_19_32_13_824.jpg,E:\Workspace\CarND\carND-behavioral-cloning\images\IMG\right_2020_09_13_19_32_13_824.jpg,0,0,0,7.708326
E:\Workspace\CarND\carND-behavioral-cloning\images\IMG\center_2020_09_13_19_32_14_043.jpg,E:\Workspace\CarND\carND-behavioral-cloning\images\IMG\left_2020_09_13_19_32_14_043.jpg,E:\Workspace\CarND\carND-behavioral-cloning\images\IMG\right_2020_09_13_19_32_14_043.jpg,0,0,0,7.538027
E:\Workspace\CarND\carND-behavioral-cloning\images\IMG\center_2020_09_13_19_32_14_261.jpg,E:\Workspace\CarND\carND-behavioral-cloning\images\IMG\left_2020_09_13_19_32_14_261.jpg,E:\Workspace\CarND\carND-behavioral-cloning\images\IMG\right_2020_09_13_19_32_14_261.jpg,0.5500001,0,0,7.303579
E:\Workspace\CarND\carND-behavioral-cloning\images\IMG\center_2020_09_13_19_32_14_481.jpg,E:\Workspace\CarND\carND-behavioral-cloning\images\IMG\left_2020_09_13_19_32_14_481.jpg,E:\Workspace\CarND\carND-behavioral-cloning\images\IMG\right_2020_09_13_19_32_14_481.jpg,0,0,0,7.107326
E:\Workspace\CarND\carND-behavioral-cloning\images\IMG\center_2020_09_13_19_32_14_700.jpg,E:\Workspace\CarND\carND-behavioral-cloning\images\IMG\left_2020_09_13_19_32_14_700.jpg,E:\Workspace\CarND\carND-behavioral-cloning\images\IMG\right_2020_09_13_19_32_14_700.jpg,0.5500001,0,0,6.888785
E:\Workspace\CarND\carND-behavioral-cloning\images\IMG\center_2020_09_13_19_32_14_924.jpg,E:\Workspace\CarND\carND-behavioral-cloning\images\IMG\left_2020_09_13_19_32_14_924.jpg,E:\Workspace\CarND\carND-behavioral-cloning\images\IMG\right_2020_09_13_19_32_14_924.jpg,0,0,0,6.703917
E:\Workspace\CarND\carND-behavioral-cloning\images\IMG\center_2020_09_13_19_32_15_138.jpg,E:\Workspace\CarND\carND-behavioral-cloning\images\IMG\left_2020_09_13_19_32_15_138.jpg,E:\Workspace\CarND\carND-behavioral-cloning\images\IMG\right_2020_09_13_19_32_15_138.jpg,0,0,0,6.571842
E:\Workspace\CarND\carND-behavioral-cloning\images\IMG\center_2020_09_13_19_32_15_347.jpg,E:\Workspace\CarND\carND-behavioral-cloning\images\IMG\left_2020_09_13_19_32_15_347.jpg,E:\Workspace\CarND\carND-behavioral-cloning\images\IMG\right_2020_09_13_19_32_15_347.jpg,0.5500001,0,0,6.370699
E:\Workspace\CarND\carND-behavioral-cloning\images\IMG\center_2020_09_13_19_32_15_564.jpg,E:\Workspace\CarND\carND-behavioral-cloning\images\IMG\left_2020_09_13_19_32_15_564.jpg,E:\Workspace\CarND\carND-behavioral-cloning\images\IMG\right_2020_09_13_19_32_15_564.jpg,0,0,0,6.199795
E:\Workspace\CarND\carND-behavioral-cloning\images\IMG\center_2020_09_13_19_32_15_791.jpg,E:\Workspace\CarND\carND-behavioral-cloning\images\IMG\left_2020_09_13_19_32_15_791.jpg,E:\Workspace\CarND\carND-behavioral-cloning\images\IMG\right_2020_09_13_19_32_15_791.jpg,0,0,0,6.066854
E:\Workspace\CarND\carND-behavioral-cloning\images\IMG\center_2020_09_13_19_32_15_995.jpg,E:\Workspace\CarND\carND-behavioral-cloning\images\IMG\left_2020_09_13_19_32_15_995.jpg,E:\Workspace\CarND\carND-behavioral-cloning\images\IMG\right_2020_09_13_19_32_15_995.jpg,0.5000001,0,0,5.903575
E:\Workspace\CarND\carND-behavioral-cloning\images\IMG\center_2020_09_13_19_32_16_205.jpg,E:\Workspace\CarND\carND-behavioral-cloning\images\IMG\left_2020_09_13_19_32_16_205.jpg,E:\Workspace\CarND\carND-behavioral-cloning\images\IMG\right_2020_09_13_19_32_16_205.jpg,0,0,0,5.751952
E:\Workspace\CarND\carND-behavioral-cloning\images\IMG\center_2020_09_13_19_32_16_419.jpg,E:\Workspace\CarND\carND-behavioral-cloning\images\IMG\left_2020_09_13_19_32_16_419.jpg,E:\Workspace\CarND\carND-behavioral-cloning\images\IMG\right_2020_09_13_19_32_16_419.jpg,0,0,0,5.640709
E:\Workspace\CarND\carND-behavioral-cloning\images\IMG\center_2020_09_13_19_32_16_633.jpg,E:\Workspace\CarND\carND-behavioral-cloning\images\IMG\left_2020_09_13_19_32_16_633.jpg,E:\Workspace\CarND\carND-behavioral-cloning\images\IMG\right_2020_09_13_19_32_16_633.jpg,0.5500001,0,0,5.471211
E:\Workspace\CarND\carND-behavioral-cloning\images\IMG\center_2020_09_13_19_32_16_846.jpg,E:\Workspace\CarND\carND-behavioral-cloning\images\IMG\left_2020_09_13_19_32_16_846.jpg,E:\Workspace\CarND\carND-behavioral-cloning\images\IMG\right_2020_09_13_19_32_16_846.jpg,0,0,0,5.324791
E:\Workspace\CarND\carND-behavioral-cloning\images\IMG\center_2020_09_13_19_32_17_076.jpg,E:\Workspace\CarND\carND-behavioral-cloning\images\IMG\left_2020_09_13_19_32_17_076.jpg,E:\Workspace\CarND\carND-behavioral-cloning\images\IMG\right_2020_09_13_19_32_17_076.jpg,0,0,0,5.212893
E:\Workspace\CarND\carND-behavioral-cloning\images\IMG\center_2020_09_13_19_32_17_296.jpg,E:\Workspace\CarND\carND-behavioral-cloning\images\IMG\left_2020_09_13_19_32_17_296.jpg,E:\Workspace\CarND\carND-behavioral-cloning\images\IMG\right_2020_09_13_19_32_17_296.jpg,0.5500001,0,0,5.058002
E:\Workspace\CarND\carND-behavioral-cloning\images\IMG\center_2020_09_13_19_32_17_516.jpg,E:\Workspace\CarND\carND-behavioral-cloning\images\IMG\left_2020_09_13_19_32_17_516.jpg,E:\Workspace\CarND\carND-behavioral-cloning\images\IMG\right_2020_09_13_19_32_17_516.jpg,0,0,0,4.921005
E:\Workspace\CarND\carND-behavioral-cloning\images\IMG\center_2020_09_13_19_32_17_754.jpg,E:\Workspace\CarND\carND-behavioral-cloning\images\IMG\left_2020_09_13_19_32_17_754.jpg,E:\Workspace\CarND\carND-behavioral-cloning\images\IMG\right_2020_09_13_19_32_17_754.jpg,0,0,0,4.806085
E:\Workspace\CarND\carND-behavioral-cloning\images\IMG\center_2020_09_13_19_32_17_971.jpg,E:\Workspace\CarND\carND-behavioral-cloning\images\IMG\left_2020_09_13_19_32_17_971.jpg,E:\Workspace\CarND\carND-behavioral-cloning\images\IMG\right_2020_09_13_19_32_17_971.jpg,0,0,0,4.703186
E:\Workspace\CarND\carND-behavioral-cloning\images\IMG\center_2020_09_13_19_32_18_193.jpg,E:\Workspace\CarND\carND-behavioral-cloning\images\IMG\left_2020_09_13_19_32_18_193.jpg,E:\Workspace\CarND\carND-behavioral-cloning\images\IMG\right_2020_09_13_19_32_18_193.jpg,0,0,0,4.602554
E:\Workspace\CarND\carND-behavioral-cloning\images\IMG\center_2020_09_13_19_32_18_412.jpg,E:\Workspace\CarND\carND-behavioral-cloning\images\IMG\left_2020_09_13_19_32_18_412.jpg,E:\Workspace\CarND\carND-behavioral-cloning\images\IMG\right_2020_09_13_19_32_18_412.jpg,0,0.6553722,0,6.211215
E:\Workspace\CarND\carND-behavioral-cloning\images\IMG\center_2020_09_13_19_32_18_626.jpg,E:\Workspace\CarND\carND-behavioral-cloning\images\IMG\left_2020_09_13_19_32_18_626.jpg,E:\Workspace\CarND\carND-behavioral-cloning\images\IMG\right_2020_09_13_19_32_18_626.jpg,0,0.0122934,0,6.143767
E:\Workspace\CarND\carND-behavioral-cloning\images\IMG\center_2020_09_13_19_32_18_835.jpg,E:\Workspace\CarND\carND-behavioral-cloning\images\IMG\left_2020_09_13_19_32_18_835.jpg,E:\Workspace\CarND\carND-behavioral-cloning\images\IMG\right_2020_09_13_19_32_18_835.jpg,-0.5000001,0,0,5.97228
E:\Workspace\CarND\carND-behavioral-cloning\images\IMG\center_2020_09_13_19_32_19_055.jpg,E:\Workspace\CarND\carND-behavioral-cloning\images\IMG\left_2020_09_13_19_32_19_055.jpg,E:\Workspace\CarND\carND-behavioral-cloning\images\IMG\right_2020_09_13_19_32_19_055.jpg,0,0,0,5.815991
E:\Workspace\CarND\carND-behavioral-cloning\images\IMG\center_2020_09_13_19_32_19_270.jpg,E:\Workspace\CarND\carND-behavioral-cloning\images\IMG\left_2020_09_13_19_32_19_270.jpg,E:\Workspace\CarND\carND-behavioral-cloning\images\IMG\right_2020_09_13_19_32_19_270.jpg,0,0,0,5.688341
E:\Workspace\CarND\carND-behavioral-cloning\images\IMG\center_2020_09_13_19_32_19_490.jpg,E:\Workspace\CarND\carND-behavioral-cloning\images\IMG\left_2020_09_13_19_32_19_490.jpg,E:\Workspace\CarND\carND-behavioral-cloning\images\IMG\right_2020_09_13_19_32_19_490.jpg,-0.5500001,0,0,5.508695
E:\Workspace\CarND\carND-behavioral-cloning\images\IMG\center_2020_09_13_19_32_19_703.jpg,E:\Workspace\CarND\carND-behavioral-cloning\images\IMG\left_2020_09_13_19_32_19_703.jpg,E:\Workspace\CarND\carND-behavioral-cloning\images\IMG\right_2020_09_13_19_32_19_703.jpg,-1,0,0,5.244814
E:\Workspace\CarND\carND-behavioral-cloning\images\IMG\center_2020_09_13_19_32_19_911.jpg,E:\Workspace\CarND\carND-behavioral-cloning\images\IMG\left_2020_09_13_19_32_19_911.jpg,E:\Workspace\CarND\carND-behavioral-cloning\images\IMG\right_2020_09_13_19_32_19_911.jpg,0,0.6189237,0,6.468436
E:\Workspace\CarND\carND-behavioral-cloning\images\IMG\center_2020_09_13_19_32_20_124.jpg,E:\Workspace\CarND\carND-behavioral-cloning\images\IMG\left_2020_09_13_19_32_20_124.jpg,E:\Workspace\CarND\carND-behavioral-cloning\images\IMG\right_2020_09_13_19_32_20_124.jpg,0,1,0,8.943547
E:\Workspace\CarND\carND-behavioral-cloning\images\IMG\center_2020_09_13_19_32_20_335.jpg,E:\Workspace\CarND\carND-behavioral-cloning\images\IMG\left_2020_09_13_19_32_20_335.jpg,E:\Workspace\CarND\carND-behavioral-cloning\images\IMG\right_2020_09_13_19_32_20_335.jpg,0,0.3626098,0,9.687066
E:\Workspace\CarND\carND-behavioral-cloning\images\IMG\center_2020_09_13_19_32_20_550.jpg,E:\Workspace\CarND\carND-behavioral-cloning\images\IMG\left_2020_09_13_19_32_20_550.jpg,E:\Workspace\CarND\carND-behavioral-cloning\images\IMG\right_2020_09_13_19_32_20_550.jpg,0,1,0,12.19552
E:\Workspace\CarND\carND-behavioral-cloning\images\IMG\center_2020_09_13_19_32_20_760.jpg,E:\Workspace\CarND\carND-behavioral-cloning\images\IMG\left_2020_09_13_19_32_20_760.jpg,E:\Workspace\CarND\carND-behavioral-cloning\images\IMG\right_2020_09_13_19_32_20_760.jpg,0,0.3774025,0,12.86466
E:\Workspace\CarND\carND-behavioral-cloning\images\IMG\center_2020_09_13_19_32_21_131.jpg,E:\Workspace\CarND\carND-behavioral-cloning\images\IMG\left_2020_09_13_19_32_21_131.jpg,E:\Workspace\CarND\carND-behavioral-cloning\images\IMG\right_2020_09_13_19_32_21_131.jpg,0,0,0,12.32043
E:\Workspace\CarND\carND-behavioral-cloning\images\IMG\center_2020_09_13_19_32_21_344.jpg,E:\Workspace\CarND\carND-behavioral-cloning\images\IMG\left_2020_09_13_19_32_21_344.jpg,E:\Workspace\CarND\carND-behavioral-cloning\images\IMG\right_2020_09_13_19_32_21_344.jpg,-0.5500001,0,0,12.20572
E:\Workspace\CarND\carND-behavioral-cloning\images\IMG\center_2020_09_13_19_32_21_554.jpg,E:\Workspace\CarND\carND-behavioral-cloning\images\IMG\left_2020_09_13_19_32_21_554.jpg,E:\Workspace\CarND\carND-behavioral-cloning\images\IMG\right_2020_09_13_19_32_21_554.jpg,0,0,0,11.85691
E:\Workspace\CarND\carND-behavioral-cloning\images\IMG\center_2020_09_13_19_32_21_763.jpg,E:\Workspace\CarND\carND-behavioral-cloning\images\IMG\left_2020_09_13_19_32_21_763.jpg,E:\Workspace\CarND\carND-behavioral-cloning\images\IMG\right_2020_09_13_19_32_21_763.jpg,0,0,0,11.60674
E:\Workspace\CarND\carND-behavioral-cloning\images\IMG\center_2020_09_13_19_32_21_968.jpg,E:\Workspace\CarND\carND-behavioral-cloning\images\IMG\left_2020_09_13_19_32_21_968.jpg,E:\Workspace\CarND\carND-behavioral-cloning\images\IMG\right_2020_09_13_19_32_21_968.jpg,0,0,0,11.27985
E:\Workspace\CarND\carND-behavioral-cloning\images\IMG\center_2020_09_13_19_32_22_190.jpg,E:\Workspace\CarND\carND-behavioral-cloning\images\IMG\left_2020_09_13_19_32_22_190.jpg,E:\Workspace\CarND\carND-behavioral-cloning\images\IMG\right_2020_09_13_19_32_22_190.jpg,0,0.6344154,0,12.54107
E:\Workspace\CarND\carND-behavioral-cloning\images\IMG\center_2020_09_13_19_32_22_406.jpg,E:\Workspace\CarND\carND-behavioral-cloning\images\IMG\left_2020_09_13_19_32_22_406.jpg,E:\Workspace\CarND\carND-behavioral-cloning\images\IMG\right_2020_09_13_19_32_22_406.jpg,0,0,0,12.60999
E:\Workspace\CarND\carND-behavioral-cloning\images\IMG\center_2020_09_13_19_32_22_621.jpg,E:\Workspace\CarND\carND-behavioral-cloning\images\IMG\left_2020_09_13_19_32_22_621.jpg,E:\Workspace\CarND\carND-behavioral-cloning\images\IMG\right_2020_09_13_19_32_22_621.jpg,0,0.6383079,0,13.64709
E:\Workspace\CarND\carND-behavioral-cloning\images\IMG\center_2020_09_13_19_32_22_835.jpg,E:\Workspace\CarND\carND-behavioral-cloning\images\IMG\left_2020_09_13_19_32_22_835.jpg,E:\Workspace\CarND\carND-behavioral-cloning\images\IMG\right_2020_09_13_19_32_22_835.jpg,0,0,0,13.69716
E:\Workspace\CarND\carND-behavioral-cloning\images\IMG\center_2020_09_13_19_32_23_058.jpg,E:\Workspace\CarND\carND-behavioral-cloning\images\IMG\left_2020_09_13_19_32_23_058.jpg,E:\Workspace\CarND\carND-behavioral-cloning\images\IMG\right_2020_09_13_19_32_23_058.jpg,0,0,0,12.82824
E:\Workspace\CarND\carND-behavioral-cloning\images\IMG\center_2020_09_13_19_32_23_280.jpg,E:\Workspace\CarND\carND-behavioral-cloning\images\IMG\left_2020_09_13_19_32_23_280.jpg,E:\Workspace\CarND\carND-behavioral-cloning\images\IMG\right_2020_09_13_19_32_23_280.jpg,0,0.6608679,0,14.57067
E:\Workspace\CarND\carND-behavioral-cloning\images\IMG\center_2020_09_13_19_32_23_490.jpg,E:\Workspace\CarND\carND-behavioral-cloning\images\IMG\left_2020_09_13_19_32_23_490.jpg,E:\Workspace\CarND\carND-behavioral-cloning\images\IMG\right_2020_09_13_19_32_23_490.jpg,0,0,0,14.32259
E:\Workspace\CarND\carND-behavioral-cloning\images\IMG\center_2020_09_13_19_32_23_708.jpg,E:\Workspace\CarND\carND-behavioral-cloning\images\IMG\left_2020_09_13_19_32_23_708.jpg,E:\Workspace\CarND\carND-behavioral-cloning\images\IMG\right_2020_09_13_19_32_23_708.jpg,0,0.6015075,0,15.25954
E:\Workspace\CarND\carND-behavioral-cloning\images\IMG\center_2020_09_13_19_32_23_931.jpg,E:\Workspace\CarND\carND-behavioral-cloning\images\IMG\left_2020_09_13_19_32_23_931.jpg,E:\Workspace\CarND\carND-behavioral-cloning\images\IMG\right_2020_09_13_19_32_23_931.jpg,-0.5500001,0,0,15.20951
E:\Workspace\CarND\carND-behavioral-cloning\images\IMG\center_2020_09_13_19_32_24_158.jpg,E:\Workspace\CarND\carND-behavioral-cloning\images\IMG\left_2020_09_13_19_32_24_158.jpg,E:\Workspace\CarND\carND-behavioral-cloning\images\IMG\right_2020_09_13_19_32_24_158.jpg,0,0,0,14.85816
E:\Workspace\CarND\carND-behavioral-cloning\images\IMG\center_2020_09_13_19_32_24_380.jpg,E:\Workspace\CarND\carND-behavioral-cloning\images\IMG\left_2020_09_13_19_32_24_380.jpg,E:\Workspace\CarND\carND-behavioral-cloning\images\IMG\right_2020_09_13_19_32_24_380.jpg,-0.5500001,0,0,13.87632
E:\Workspace\CarND\carND-behavioral-cloning\images\IMG\center_2020_09_13_19_32_24_606.jpg,E:\Workspace\CarND\carND-behavioral-cloning\images\IMG\left_2020_09_13_19_32_24_606.jpg,E:\Workspace\CarND\carND-behavioral-cloning\images\IMG\right_2020_09_13_19_32_24_606.jpg,-1,0,0,13.68217
E:\Workspace\CarND\carND-behavioral-cloning\images\IMG\center_2020_09_13_19_32_24_831.jpg,E:\Workspace\CarND\carND-behavioral-cloning\images\IMG\left_2020_09_13_19_32_24_831.jpg,E:\Workspace\CarND\carND-behavioral-cloning\images\IMG\right_2020_09_13_19_32_24_831.jpg,0,0,0,13.13563
E:\Workspace\CarND\carND-behavioral-cloning\images\IMG\center_2020_09_13_19_32_25_050.jpg,E:\Workspace\CarND\carND-behavioral-cloning\images\IMG\left_2020_09_13_19_32_25_050.jpg,E:\Workspace\CarND\carND-behavioral-cloning\images\IMG\right_2020_09_13_19_32_25_050.jpg,0,0,0,12.4927
E:\Workspace\CarND\carND-behavioral-cloning\images\IMG\center_2020_09_13_19_32_25_258.jpg,E:\Workspace\CarND\carND-behavioral-cloning\images\IMG\left_2020_09_13_19_32_25_258.jpg,E:\Workspace\CarND\carND-behavioral-cloning\images\IMG\right_2020_09_13_19_32_25_258.jpg,0,0,0,12.42612
E:\Workspace\CarND\carND-behavioral-cloning\images\IMG\center_2020_09_13_19_32_25_452.jpg,E:\Workspace\CarND\carND-behavioral-cloning\images\IMG\left_2020_09_13_19_32_25_452.jpg,E:\Workspace\CarND\carND-behavioral-cloning\images\IMG\right_2020_09_13_19_32_25_452.jpg,-0.5000001,0,0,12.09882
E:\Workspace\CarND\carND-behavioral-cloning\images\IMG\center_2020_09_13_19_32_25_676.jpg,E:\Workspace\CarND\carND-behavioral-cloning\images\IMG\left_2020_09_13_19_32_25_676.jpg,E:\Workspace\CarND\carND-behavioral-cloning\images\IMG\right_2020_09_13_19_32_25_676.jpg,0,0,0,11.85726
E:\Workspace\CarND\carND-behavioral-cloning\images\IMG\center_2020_09_13_19_32_25_892.jpg,E:\Workspace\CarND\carND-behavioral-cloning\images\IMG\left_2020_09_13_19_32_25_892.jpg,E:\Workspace\CarND\carND-behavioral-cloning\images\IMG\right_2020_09_13_19_32_25_892.jpg,0,0,0,11.44993
E:\Workspace\CarND\carND-behavioral-cloning\images\IMG\center_2020_09_13_19_32_26_106.jpg,E:\Workspace\CarND\carND-behavioral-cloning\images\IMG\left_2020_09_13_19_32_26_106.jpg,E:\Workspace\CarND\carND-behavioral-cloning\images\IMG\right_2020_09_13_19_32_26_106.jpg,0,0,0,11.21601
E:\Workspace\CarND\carND-behavioral-cloning\images\IMG\center_2020_09_13_19_32_26_313.jpg,E:\Workspace\CarND\carND-behavioral-cloning\images\IMG\left_2020_09_13_19_32_26_313.jpg,E:\Workspace\CarND\carND-behavioral-cloning\images\IMG\right_2020_09_13_19_32_26_313.jpg,0,0,0,11.04234
E:\Workspace\CarND\carND-behavioral-cloning\images\IMG\center_2020_09_13_19_32_26_368.jpg,E:\Workspace\CarND\carND-behavioral-cloning\images\IMG\left_2020_09_13_19_32_26_368.jpg,E:\Workspace\CarND\carND-behavioral-cloning\images\IMG\right_2020_09_13_19_32_26_368.jpg,0,0,0,10.79997
E:\Workspace\CarND\carND-behavioral-cloning\images\IMG\center_2020_09_13_19_32_26_573.jpg,E:\Workspace\CarND\carND-behavioral-cloning\images\IMG\left_2020_09_13_19_32_26_573.jpg,E:\Workspace\CarND\carND-behavioral-cloning\images\IMG\right_2020_09_13_19_32_26_573.jpg,0,0,0,10.58425
E:\Workspace\CarND\carND-behavioral-cloning\images\IMG\center_2020_09_13_19_32_26_781.jpg,E:\Workspace\CarND\carND-behavioral-cloning\images\IMG\left_2020_09_13_19_32_26_781.jpg,E:\Workspace\CarND\carND-behavioral-cloning\images\IMG\right_2020_09_13_19_32_26_781.jpg,0,0,0,10.37284
E:\Workspace\CarND\carND-behavioral-cloning\images\IMG\center_2020_09_13_19_32_26_985.jpg,E:\Workspace\CarND\carND-behavioral-cloning\images\IMG\left_2020_09_13_19_32_26_985.jpg,E:\Workspace\CarND\carND-behavioral-cloning\images\IMG\right_2020_09_13_19_32_26_985.jpg,0,0,0,10.14517
E:\Workspace\CarND\carND-behavioral-cloning\images\IMG\center_2020_09_13_19_32_27_195.jpg,E:\Workspace\CarND\carND-behavioral-cloning\images\IMG\left_2020_09_13_19_32_27_195.jpg,E:\Workspace\CarND\carND-behavioral-cloning\images\IMG\right_2020_09_13_19_32_27_195.jpg,0.5000001,0,0,9.860921
E:\Workspace\CarND\carND-behavioral-cloning\images\IMG\center_2020_09_13_19_32_27_406.jpg,E:\Workspace\CarND\carND-behavioral-cloning\images\IMG\left_2020_09_13_19_32_27_406.jpg,E:\Workspace\CarND\carND-behavioral-cloning\images\IMG\right_2020_09_13_19_32_27_406.jpg,0,0,0,9.613364
E:\Workspace\CarND\carND-behavioral-cloning\images\IMG\center_2020_09_13_19_32_27_625.jpg,E:\Workspace\CarND\carND-behavioral-cloning\images\IMG\left_2020_09_13_19_32_27_625.jpg,E:\Workspace\CarND\carND-behavioral-cloning\images\IMG\right_2020_09_13_19_32_27_625.jpg,0,0,0,9.402292
E:\Workspace\CarND\carND-behavioral-cloning\images\IMG\center_2020_09_13_19_32_27_838.jpg,E:\Workspace\CarND\carND-behavioral-cloning\images\IMG\left_2020_09_13_19_32_27_838.jpg,E:\Workspace\CarND\carND-behavioral-cloning\images\IMG\right_2020_09_13_19_32_27_838.jpg,0.5000001,0,0,9.138753
E:\Workspace\CarND\carND-behavioral-cloning\images\IMG\center_2020_09_13_19_32_28_045.jpg,E:\Workspace\CarND\carND-behavioral-cloning\images\IMG\left_2020_09_13_19_32_28_045.jpg,E:\Workspace\CarND\carND-behavioral-cloning\images\IMG\right_2020_09_13_19_32_28_045.jpg,1,0,0,8.696412
E:\Workspace\CarND\carND-behavioral-cloning\images\IMG\center_2020_09_13_19_32_28_295.jpg,E:\Workspace\CarND\carND-behavioral-cloning\images\IMG\left_2020_09_13_19_32_28_295.jpg,E:\Workspace\CarND\carND-behavioral-cloning\images\IMG\right_2020_09_13_19_32_28_295.jpg,0,0,0,8.310845
E:\Workspace\CarND\carND-behavioral-cloning\images\IMG\center_2020_09_13_19_32_28_515.jpg,E:\Workspace\CarND\carND-behavioral-cloning\images\IMG\left_2020_09_13_19_32_28_515.jpg,E:\Workspace\CarND\carND-behavioral-cloning\images\IMG\right_2020_09_13_19_32_28_515.jpg,0,0,0,8.128294
E:\Workspace\CarND\carND-behavioral-cloning\images\IMG\center_2020_09_13_19_32_28_726.jpg,E:\Workspace\CarND\carND-behavioral-cloning\images\IMG\left_2020_09_13_19_32_28_726.jpg,E:\Workspace\CarND\carND-behavioral-cloning\images\IMG\right_2020_09_13_19_32_28_726.jpg,0.5500001,0,0,7.870947
E:\Workspace\CarND\carND-behavioral-cloning\images\IMG\center_2020_09_13_19_32_28_948.jpg,E:\Workspace\CarND\carND-behavioral-cloning\images\IMG\left_2020_09_13_19_32_28_948.jpg,E:\Workspace\CarND\carND-behavioral-cloning\images\IMG\right_2020_09_13_19_32_28_948.jpg,1,0,0,7.491977
E:\Workspace\CarND\carND-behavioral-cloning\images\IMG\center_2020_09_13_19_32_29_172.jpg,E:\Workspace\CarND\carND-behavioral-cloning\images\IMG\left_2020_09_13_19_32_29_172.jpg,E:\Workspace\CarND\carND-behavioral-cloning\images\IMG\right_2020_09_13_19_32_29_172.jpg,0,0,0,7.154996
E:\Workspace\CarND\carND-behavioral-cloning\images\IMG\center_2020_09_13_19_32_29_391.jpg,E:\Workspace\CarND\carND-behavioral-cloning\images\IMG\left_2020_09_13_19_32_29_391.jpg,E:\Workspace\CarND\carND-behavioral-cloning\images\IMG\right_2020_09_13_19_32_29_391.jpg,0,0,0,6.997828
E:\Workspace\CarND\carND-behavioral-cloning\images\IMG\center_2020_09_13_19_32_29_615.jpg,E:\Workspace\CarND\carND-behavioral-cloning\images\IMG\left_2020_09_13_19_32_29_615.jpg,E:\Workspace\CarND\carND-behavioral-cloning\images\IMG\right_2020_09_13_19_32_29_615.jpg,0,0,0,6.844382
E:\Workspace\CarND\carND-behavioral-cloning\images\IMG\center_2020_09_13_19_32_29_838.jpg,E:\Workspace\CarND\carND-behavioral-cloning\images\IMG\left_2020_09_13_19_32_29_838.jpg,E:\Workspace\CarND\carND-behavioral-cloning\images\IMG\right_2020_09_13_19_32_29_838.jpg,-0.5500001,0,0,6.627598
E:\Workspace\CarND\carND-behavioral-cloning\images\IMG\center_2020_09_13_19_32_30_062.jpg,E:\Workspace\CarND\carND-behavioral-cloning\images\IMG\left_2020_09_13_19_32_30_062.jpg,E:\Workspace\CarND\carND-behavioral-cloning\images\IMG\right_2020_09_13_19_32_30_062.jpg,0,0,0,6.435382
E:\Workspace\CarND\carND-behavioral-cloning\images\IMG\center_2020_09_13_19_32_30_279.jpg,E:\Workspace\CarND\carND-behavioral-cloning\images\IMG\left_2020_09_13_19_32_30_279.jpg,E:\Workspace\CarND\carND-behavioral-cloning\images\IMG\right_2020_09_13_19_32_30_279.jpg,0,0,0,6.306851
E:\Workspace\CarND\carND-behavioral-cloning\images\IMG\center_2020_09_13_19_32_30_502.jpg,E:\Workspace\CarND\carND-behavioral-cloning\images\IMG\left_2020_09_13_19_32_30_502.jpg,E:\Workspace\CarND\carND-behavioral-cloning\images\IMG\right_2020_09_13_19_32_30_502.jpg,0,0,0,6.156011
E:\Workspace\CarND\carND-behavioral-cloning\images\IMG\center_2020_09_13_19_32_30_725.jpg,E:\Workspace\CarND\carND-behavioral-cloning\images\IMG\left_2020_09_13_19_32_30_725.jpg,E:\Workspace\CarND\carND-behavioral-cloning\images\IMG\right_2020_09_13_19_32_30_725.jpg,-0.5500001,0,0,5.961251
E:\Workspace\CarND\carND-behavioral-cloning\images\IMG\center_2020_09_13_19_32_30_942.jpg,E:\Workspace\CarND\carND-behavioral-cloning\images\IMG\left_2020_09_13_19_32_30_942.jpg,E:\Workspace\CarND\carND-behavioral-cloning\images\IMG\right_2020_09_13_19_32_30_942.jpg,0,0,0,5.79862
E:\Workspace\CarND\carND-behavioral-cloning\images\IMG\center_2020_09_13_19_32_31_161.jpg,E:\Workspace\CarND\carND-behavioral-cloning\images\IMG\left_2020_09_13_19_32_31_161.jpg,E:\Workspace\CarND\carND-behavioral-cloning\images\IMG\right_2020_09_13_19_32_31_161.jpg,0,0,0,5.66923
E:\Workspace\CarND\carND-behavioral-cloning\images\IMG\center_2020_09_13_19_32_31_383.jpg,E:\Workspace\CarND\carND-behavioral-cloning\images\IMG\left_2020_09_13_19_32_31_383.jpg,E:\Workspace\CarND\carND-behavioral-cloning\images\IMG\right_2020_09_13_19_32_31_383.jpg,0,0,0,5.54117
E:\Workspace\CarND\carND-behavioral-cloning\images\IMG\center_2020_09_13_19_32_31_591.jpg,E:\Workspace\CarND\carND-behavioral-cloning\images\IMG\left_2020_09_13_19_32_31_591.jpg,E:\Workspace\CarND\carND-behavioral-cloning\images\IMG\right_2020_09_13_19_32_31_591.jpg,-0.5000001,0,0,5.385728
E:\Workspace\CarND\carND-behavioral-cloning\images\IMG\center_2020_09_13_19_32_31_807.jpg,E:\Workspace\CarND\carND-behavioral-cloning\images\IMG\left_2020_09_13_19_32_31_807.jpg,E:\Workspace\CarND\carND-behavioral-cloning\images\IMG\right_2020_09_13_19_32_31_807.jpg,0,0,0,5.240123
E:\Workspace\CarND\carND-behavioral-cloning\images\IMG\center_2020_09_13_19_32_32_034.jpg,E:\Workspace\CarND\carND-behavioral-cloning\images\IMG\left_2020_09_13_19_32_32_034.jpg,E:\Workspace\CarND\carND-behavioral-cloning\images\IMG\right_2020_09_13_19_32_32_034.jpg,0,0,0,5.122004
E:\Workspace\CarND\carND-behavioral-cloning\images\IMG\center_2020_09_13_19_32_32_255.jpg,E:\Workspace\CarND\carND-behavioral-cloning\images\IMG\left_2020_09_13_19_32_32_255.jpg,E:\Workspace\CarND\carND-behavioral-cloning\images\IMG\right_2020_09_13_19_32_32_255.jpg,0,0.6619392,0,6.727914
E:\Workspace\CarND\carND-behavioral-cloning\images\IMG\center_2020_09_13_19_32_32_477.jpg,E:\Workspace\CarND\carND-behavioral-cloning\images\IMG\left_2020_09_13_19_32_32_477.jpg,E:\Workspace\CarND\carND-behavioral-cloning\images\IMG\right_2020_09_13_19_32_32_477.jpg,0,0,0,6.6128
E:\Workspace\CarND\carND-behavioral-cloning\images\IMG\center_2020_09_13_19_32_32_695.jpg,E:\Workspace\CarND\carND-behavioral-cloning\images\IMG\left_2020_09_13_19_32_32_695.jpg,E:\Workspace\CarND\carND-behavioral-cloning\images\IMG\right_2020_09_13_19_32_32_695.jpg,0,0,0,6.462105
E:\Workspace\CarND\carND-behavioral-cloning\images\IMG\center_2020_09_13_19_32_32_912.jpg,E:\Workspace\CarND\carND-behavioral-cloning\images\IMG\left_2020_09_13_19_32_32_912.jpg,E:\Workspace\CarND\carND-behavioral-cloning\images\IMG\right_2020_09_13_19_32_32_912.jpg,-0.5500001,0,0,6.25666
E:\Workspace\CarND\carND-behavioral-cloning\images\IMG\center_2020_09_13_19_32_33_133.jpg,E:\Workspace\CarND\carND-behavioral-cloning\images\IMG\left_2020_09_13_19_32_33_133.jpg,E:\Workspace\CarND\carND-behavioral-cloning\images\IMG\right_2020_09_13_19_32_33_133.jpg,0,0,0,6.080925
E:\Workspace\CarND\carND-behavioral-cloning\images\IMG\center_2020_09_13_19_32_33_354.jpg,E:\Workspace\CarND\carND-behavioral-cloning\images\IMG\left_2020_09_13_19_32_33_354.jpg,E:\Workspace\CarND\carND-behavioral-cloning\images\IMG\right_2020_09_13_19_32_33_354.jpg,0,0,0,5.942982
E:\Workspace\CarND\carND-behavioral-cloning\images\IMG\center_2020_09_13_19_32_33_575.jpg,E:\Workspace\CarND\carND-behavioral-cloning\images\IMG\left_2020_09_13_19_32_33_575.jpg,E:\Workspace\CarND\carND-behavioral-cloning\images\IMG\right_2020_09_13_19_32_33_575.jpg,0,0,0,5.808095
E:\Workspace\CarND\carND-behavioral-cloning\images\IMG\center_2020_09_13_19_32_33_812.jpg,E:\Workspace\CarND\carND-behavioral-cloning\images\IMG\left_2020_09_13_19_32_33_812.jpg,E:\Workspace\CarND\carND-behavioral-cloning\images\IMG\right_2020_09_13_19_32_33_812.jpg,-0.6000001,0,0,5.603504
E:\Workspace\CarND\carND-behavioral-cloning\images\IMG\center_2020_09_13_19_32_34_023.jpg,E:\Workspace\CarND\carND-behavioral-cloning\images\IMG\left_2020_09_13_19_32_34_023.jpg,E:\Workspace\CarND\carND-behavioral-cloning\images\IMG\right_2020_09_13_19_32_34_023.jpg,0,0,0,5.438129
E:\Workspace\CarND\carND-behavioral-cloning\images\IMG\center_2020_09_13_19_32_34_242.jpg,E:\Workspace\CarND\carND-behavioral-cloning\images\IMG\left_2020_09_13_19_32_34_242.jpg,E:\Workspace\CarND\carND-behavioral-cloning\images\IMG\right_2020_09_13_19_32_34_242.jpg,0,0,0,5.315472
E:\Workspace\CarND\carND-behavioral-cloning\images\IMG\center_2020_09_13_19_32_34_463.jpg,E:\Workspace\CarND\carND-behavioral-cloning\images\IMG\left_2020_09_13_19_32_34_463.jpg,E:\Workspace\CarND\carND-behavioral-cloning\images\IMG\right_2020_09_13_19_32_34_463.jpg,-0.5500001,0,0,5.148877
E:\Workspace\CarND\carND-behavioral-cloning\images\IMG\center_2020_09_13_19_32_34_692.jpg,E:\Workspace\CarND\carND-behavioral-cloning\images\IMG\left_2020_09_13_19_32_34_692.jpg,E:\Workspace\CarND\carND-behavioral-cloning\images\IMG\right_2020_09_13_19_32_34_692.jpg,-1,0,0,4.910701
E:\Workspace\CarND\carND-behavioral-cloning\images\IMG\center_2020_09_13_19_32_34_911.jpg,E:\Workspace\CarND\carND-behavioral-cloning\images\IMG\left_2020_09_13_19_32_34_911.jpg,E:\Workspace\CarND\carND-behavioral-cloning\images\IMG\right_2020_09_13_19_32_34_911.jpg,0,0,0,4.673571
E:\Workspace\CarND\carND-behavioral-cloning\images\IMG\center_2020_09_13_19_32_35_143.jpg,E:\Workspace\CarND\carND-behavioral-cloning\images\IMG\left_2020_09_13_19_32_35_143.jpg,E:\Workspace\CarND\carND-behavioral-cloning\images\IMG\right_2020_09_13_19_32_35_143.jpg,0,0,0,4.561912
E:\Workspace\CarND\carND-behavioral-cloning\images\IMG\center_2020_09_13_19_32_35_356.jpg,E:\Workspace\CarND\carND-behavioral-cloning\images\IMG\left_2020_09_13_19_32_35_356.jpg,E:\Workspace\CarND\carND-behavioral-cloning\images\IMG\right_2020_09_13_19_32_35_356.jpg,-0.5000001,0,0,4.437457
E:\Workspace\CarND\carND-behavioral-cloning\images\IMG\center_2020_09_13_19_32_35_577.jpg,E:\Workspace\CarND\carND-behavioral-cloning\images\IMG\left_2020_09_13_19_32_35_577.jpg,E:\Workspace\CarND\carND-behavioral-cloning\images\IMG\right_2020_09_13_19_32_35_577.jpg,0,0,0,4.317616
E:\Workspace\CarND\carND-behavioral-cloning\images\IMG\center_2020_09_13_19_32_35_797.jpg,E:\Workspace\CarND\carND-behavioral-cloning\images\IMG\left_2020_09_13_19_32_35_797.jpg,E:\Workspace\CarND\carND-behavioral-cloning\images\IMG\right_2020_09_13_19_32_35_797.jpg,0,0,0,4.222358
E:\Workspace\CarND\carND-behavioral-cloning\images\IMG\center_2020_09_13_19_32_36_018.jpg,E:\Workspace\CarND\carND-behavioral-cloning\images\IMG\left_2020_09_13_19_32_36_018.jpg,E:\Workspace\CarND\carND-behavioral-cloning\images\IMG\right_2020_09_13_19_32_36_018.jpg,0,0,0,4.129203
E:\Workspace\CarND\carND-behavioral-cloning\images\IMG\center_2020_09_13_19_32_36_240.jpg,E:\Workspace\CarND\carND-behavioral-cloning\images\IMG\left_2020_09_13_19_32_36_240.jpg,E:\Workspace\CarND\carND-behavioral-cloning\images\IMG\right_2020_09_13_19_32_36_240.jpg,0,0.6711225,0,5.788206
E:\Workspace\CarND\carND-behavioral-cloning\images\IMG\center_2020_09_13_19_32_36_460.jpg,E:\Workspace\CarND\carND-behavioral-cloning\images\IMG\left_2020_09_13_19_32_36_460.jpg,E:\Workspace\CarND\carND-behavioral-cloning\images\IMG\right_2020_09_13_19_32_36_460.jpg,0,0.01112038,0,5.723005
E:\Workspace\CarND\carND-behavioral-cloning\images\IMG\center_2020_09_13_19_32_36_687.jpg,E:\Workspace\CarND\carND-behavioral-cloning\images\IMG\left_2020_09_13_19_32_36_687.jpg,E:\Workspace\CarND\carND-behavioral-cloning\images\IMG\right_2020_09_13_19_32_36_687.jpg,0,0.6957537,0,7.556828
E:\Workspace\CarND\carND-behavioral-cloning\images\IMG\center_2020_09_13_19_32_36_900.jpg,E:\Workspace\CarND\carND-behavioral-cloning\images\IMG\left_2020_09_13_19_32_36_900.jpg,E:\Workspace\CarND\carND-behavioral-cloning\images\IMG\right_2020_09_13_19_32_36_900.jpg,0,0.05746561,0,7.582023
E:\Workspace\CarND\carND-behavioral-cloning\images\IMG\center_2020_09_13_19_32_37_133.jpg,E:\Workspace\CarND\carND-behavioral-cloning\images\IMG\left_2020_09_13_19_32_37_133.jpg,E:\Workspace\CarND\carND-behavioral-cloning\images\IMG\right_2020_09_13_19_32_37_133.jpg,0,0.7527855,0,9.361238
E:\Workspace\CarND\carND-behavioral-cloning\images\IMG\center_2020_09_13_19_32_37_357.jpg,E:\Workspace\CarND\carND-behavioral-cloning\images\IMG\left_2020_09_13_19_32_37_357.jpg,E:\Workspace\CarND\carND-behavioral-cloning\images\IMG\right_2020_09_13_19_32_37_357.jpg,0,1,0,11.61215
E:\Workspace\CarND\carND-behavioral-cloning\images\IMG\center_2020_09_13_19_32_37_579.jpg,E:\Workspace\CarND\carND-behavioral-cloning\images\IMG\left_2020_09_13_19_32_37_579.jpg,E:\Workspace\CarND\carND-behavioral-cloning\images\IMG\right_2020_09_13_19_32_37_579.jpg,0,1,0,14.28419
E:\Workspace\CarND\carND-behavioral-cloning\images\IMG\center_2020_09_13_19_32_37_970.jpg,E:\Workspace\CarND\carND-behavioral-cloning\images\IMG\left_2020_09_13_19_32_37_970.jpg,E:\Workspace\CarND\carND-behavioral-cloning\images\IMG\right_2020_09_13_19_32_37_970.jpg,0,0.3135076,0,14.9218
E:\Workspace\CarND\carND-behavioral-cloning\images\IMG\center_2020_09_13_19_32_38_198.jpg,E:\Workspace\CarND\carND-behavioral-cloning\images\IMG\left_2020_09_13_19_32_38_198.jpg,E:\Workspace\CarND\carND-behavioral-cloning\images\IMG\right_2020_09_13_19_32_38_198.jpg,0,0.9844195,0,16.90711
E:\Workspace\CarND\carND-behavioral-cloning\images\IMG\center_2020_09_13_19_32_38_258.jpg,E:\Workspace\CarND\carND-behavioral-cloning\images\IMG\left_2020_09_13_19_32_38_258.jpg,E:\Workspace\CarND\carND-behavioral-cloning\images\IMG\right_2020_09_13_19_32_38_258.jpg,0,1,0,19.33137
E:\Workspace\CarND\carND-behavioral-cloning\images\IMG\center_2020_09_13_19_32_38_483.jpg,E:\Workspace\CarND\carND-behavioral-cloning\images\IMG\left_2020_09_13_19_32_38_483.jpg,E:\Workspace\CarND\carND-behavioral-cloning\images\IMG\right_2020_09_13_19_32_38_483.jpg,0,1,0,21.71317
E:\Workspace\CarND\carND-behavioral-cloning\images\IMG\center_2020_09_13_19_32_38_716.jpg,E:\Workspace\CarND\carND-behavioral-cloning\images\IMG\left_2020_09_13_19_32_38_716.jpg,E:\Workspace\CarND\carND-behavioral-cloning\images\IMG\right_2020_09_13_19_32_38_716.jpg,-0.5500001,0.2943955,0,21.91967
E:\Workspace\CarND\carND-behavioral-cloning\images\IMG\center_2020_09_13_19_32_38_949.jpg,E:\Workspace\CarND\carND-behavioral-cloning\images\IMG\left_2020_09_13_19_32_38_949.jpg,E:\Workspace\CarND\carND-behavioral-cloning\images\IMG\right_2020_09_13_19_32_38_949.jpg,0,0,0,21.36938
E:\Workspace\CarND\carND-behavioral-cloning\images\IMG\center_2020_09_13_19_32_39_183.jpg,E:\Workspace\CarND\carND-behavioral-cloning\images\IMG\left_2020_09_13_19_32_39_183.jpg,E:\Workspace\CarND\carND-behavioral-cloning\images\IMG\right_2020_09_13_19_32_39_183.jpg,-0.6000001,0,0,20.66936
E:\Workspace\CarND\carND-behavioral-cloning\images\IMG\center_2020_09_13_19_32_39_400.jpg,E:\Workspace\CarND\carND-behavioral-cloning\images\IMG\left_2020_09_13_19_32_39_400.jpg,E:\Workspace\CarND\carND-behavioral-cloning\images\IMG\right_2020_09_13_19_32_39_400.jpg,-1,0,0,19.50663
E:\Workspace\CarND\carND-behavioral-cloning\images\IMG\center_2020_09_13_19_32_39_626.jpg,E:\Workspace\CarND\carND-behavioral-cloning\images\IMG\left_2020_09_13_19_32_39_626.jpg,E:\Workspace\CarND\carND-behavioral-cloning\images\IMG\right_2020_09_13_19_32_39_626.jpg,0,0,0,19.14317
E:\Workspace\CarND\carND-behavioral-cloning\images\IMG\center_2020_09_13_19_32_39_854.jpg,E:\Workspace\CarND\carND-behavioral-cloning\images\IMG\left_2020_09_13_19_32_39_854.jpg,E:\Workspace\CarND\carND-behavioral-cloning\images\IMG\right_2020_09_13_19_32_39_854.jpg,0,0,0,18.26709
E:\Workspace\CarND\carND-behavioral-cloning\images\IMG\center_2020_09_13_19_32_40_073.jpg,E:\Workspace\CarND\carND-behavioral-cloning\images\IMG\left_2020_09_13_19_32_40_073.jpg,E:\Workspace\CarND\carND-behavioral-cloning\images\IMG\right_2020_09_13_19_32_40_073.jpg,0,0,0,18.34302
E:\Workspace\CarND\carND-behavioral-cloning\images\IMG\center_2020_09_13_19_32_40_420.jpg,E:\Workspace\CarND\carND-behavioral-cloning\images\IMG\left_2020_09_13_19_32_40_420.jpg,E:\Workspace\CarND\carND-behavioral-cloning\images\IMG\right_2020_09_13_19_32_40_420.jpg,0,0.5919078,0,19.22775
E:\Workspace\CarND\carND-behavioral-cloning\images\IMG\center_2020_09_13_19_32_40_476.jpg,E:\Workspace\CarND\carND-behavioral-cloning\images\IMG\left_2020_09_13_19_32_40_476.jpg,E:\Workspace\CarND\carND-behavioral-cloning\images\IMG\right_2020_09_13_19_32_40_476.jpg,0,0,0,18.95458
E:\Workspace\CarND\carND-behavioral-cloning\images\IMG\center_2020_09_13_19_32_40_680.jpg,E:\Workspace\CarND\carND-behavioral-cloning\images\IMG\left_2020_09_13_19_32_40_680.jpg,E:\Workspace\CarND\carND-behavioral-cloning\images\IMG\right_2020_09_13_19_32_40_680.jpg,0,0,0,18.57879
E:\Workspace\CarND\carND-behavioral-cloning\images\IMG\center_2020_09_13_19_32_41_034.jpg,E:\Workspace\CarND\carND-behavioral-cloning\images\IMG\left_2020_09_13_19_32_41_034.jpg,E:\Workspace\CarND\carND-behavioral-cloning\images\IMG\right_2020_09_13_19_32_41_034.jpg,0,0,0,17.75203
E:\Workspace\CarND\carND-behavioral-cloning\images\IMG\center_2020_09_13_19_32_41_240.jpg,E:\Workspace\CarND\carND-behavioral-cloning\images\IMG\left_2020_09_13_19_32_41_240.jpg,E:\Workspace\CarND\carND-behavioral-cloning\images\IMG\right_2020_09_13_19_32_41_240.jpg,0,0,0,17.13126
E:\Workspace\CarND\carND-behavioral-cloning\images\IMG\center_2020_09_13_19_32_41_441.jpg,E:\Workspace\CarND\carND-behavioral-cloning\images\IMG\left_2020_09_13_19_32_41_441.jpg,E:\Workspace\CarND\carND-behavioral-cloning\images\IMG\right_2020_09_13_19_32_41_441.jpg,0.5000001,0,0,15.74986
E:\Workspace\CarND\carND-behavioral-cloning\images\IMG\center_2020_09_13_19_32_41_647.jpg,E:\Workspace\CarND\carND-behavioral-cloning\images\IMG\left_2020_09_13_19_32_41_647.jpg,E:\Workspace\CarND\carND-behavioral-cloning\images\IMG\right_2020_09_13_19_32_41_647.jpg,1,0,0,13.55547
E:\Workspace\CarND\carND-behavioral-cloning\images\IMG\center_2020_09_13_19_32_41_855.jpg,E:\Workspace\CarND\carND-behavioral-cloning\images\IMG\left_2020_09_13_19_32_41_855.jpg,E:\Workspace\CarND\carND-behavioral-cloning\images\IMG\right_2020_09_13_19_32_41_855.jpg,0,0,0,13.00544
E:\Workspace\CarND\carND-behavioral-cloning\images\IMG\center_2020_09_13_19_32_42_058.jpg,E:\Workspace\CarND\carND-behavioral-cloning\images\IMG\left_2020_09_13_19_32_42_058.jpg,E:\Workspace\CarND\carND-behavioral-cloning\images\IMG\right_2020_09_13_19_32_42_058.jpg,0.5000001,0,0,6.609656
E:\Workspace\CarND\carND-behavioral-cloning\images\IMG\center_2020_09_13_19_32_42_112.jpg,E:\Workspace\CarND\carND-behavioral-cloning\images\IMG\left_2020_09_13_19_32_42_112.jpg,E:\Workspace\CarND\carND-behavioral-cloning\images\IMG\right_2020_09_13_19_32_42_112.jpg,1,0,0,1.443634
E:\Workspace\CarND\carND-behavioral-cloning\images\IMG\center_2020_09_13_19_32_42_314.jpg,E:\Workspace\CarND\carND-behavioral-cloning\images\IMG\left_2020_09_13_19_32_42_314.jpg,E:\Workspace\CarND\carND-behavioral-cloning\images\IMG\right_2020_09_13_19_32_42_314.jpg,0,0,0,0.06340466
E:\Workspace\CarND\carND-behavioral-cloning\images\IMG\center_2020_09_13_19_32_42_661.jpg,E:\Workspace\CarND\carND-behavioral-cloning\images\IMG\left_2020_09_13_19_32_42_661.jpg,E:\Workspace\CarND\carND-behavioral-cloning\images\IMG\right_2020_09_13_19_32_42_661.jpg,0,0,0,0.215487
E:\Workspace\CarND\carND-behavioral-cloning\images\IMG\center_2020_09_13_19_32_42_718.jpg,E:\Workspace\CarND\carND-behavioral-cloning\images\IMG\left_2020_09_13_19_32_42_718.jpg,E:\Workspace\CarND\carND-behavioral-cloning\images\IMG\right_2020_09_13_19_32_42_718.jpg,0,0,0,0.03061174
E:\Workspace\CarND\carND-behavioral-cloning\images\IMG\center_2020_09_13_19_32_42_921.jpg,E:\Workspace\CarND\carND-behavioral-cloning\images\IMG\left_2020_09_13_19_32_42_921.jpg,E:\Workspace\CarND\carND-behavioral-cloning\images\IMG\right_2020_09_13_19_32_42_921.jpg,0.5000001,0,0,0.08864009
E:\Workspace\CarND\carND-behavioral-cloning\images\IMG\center_2020_09_13_19_32_43_140.jpg,E:\Workspace\CarND\carND-behavioral-cloning\images\IMG\left_2020_09_13_19_32_43_140.jpg,E:\Workspace\CarND\carND-behavioral-cloning\images\IMG\right_2020_09_13_19_32_43_140.jpg,1,0,0,0.05714103
E:\Workspace\CarND\carND-behavioral-cloning\images\IMG\center_2020_09_13_19_32_43_347.jpg,E:\Workspace\CarND\carND-behavioral-cloning\images\IMG\left_2020_09_13_19_32_43_347.jpg,E:\Workspace\CarND\carND-behavioral-cloning\images\IMG\right_2020_09_13_19_32_43_347.jpg,1,0,0,0.05299289
E:\Workspace\CarND\carND-behavioral-cloning\images\IMG\center_2020_09_13_19_32_43_537.jpg,E:\Workspace\CarND\carND-behavioral-cloning\images\IMG\left_2020_09_13_19_32_43_537.jpg,E:\Workspace\CarND\carND-behavioral-cloning\images\IMG\right_2020_09_13_19_32_43_537.jpg,1,0,0,0.004801335
E:\Workspace\CarND\carND-behavioral-cloning\images\IMG\center_2020_09_13_19_32_43_749.jpg,E:\Workspace\CarND\carND-behavioral-cloning\images\IMG\left_2020_09_13_19_32_43_749.jpg,E:\Workspace\CarND\carND-behavioral-cloning\images\IMG\right_2020_09_13_19_32_43_749.jpg,1,0,0,0.02995296
E:\Workspace\CarND\carND-behavioral-cloning\images\IMG\center_2020_09_13_19_32_43_957.jpg,E:\Workspace\CarND\carND-behavioral-cloning\images\IMG\left_2020_09_13_19_32_43_957.jpg,E:\Workspace\CarND\carND-behavioral-cloning\images\IMG\right_2020_09_13_19_32_43_957.jpg,0,0,0,0.01943707
E:\Workspace\CarND\carND-behavioral-cloning\images\IMG\center_2020_09_13_19_32_44_160.jpg,E:\Workspace\CarND\carND-behavioral-cloning\images\IMG\left_2020_09_13_19_32_44_160.jpg,E:\Workspace\CarND\carND-behavioral-cloning\images\IMG\right_2020_09_13_19_32_44_160.jpg,0,0,0,0.004448984
E:\Workspace\CarND\carND-behavioral-cloning\images\IMG\center_2020_09_13_19_32_44_381.jpg,E:\Workspace\CarND\carND-behavioral-cloning\images\IMG\left_2020_09_13_19_32_44_381.jpg,E:\Workspace\CarND\carND-behavioral-cloning\images\IMG\right_2020_09_13_19_32_44_381.jpg,0,0,0,0.005146756
E:\Workspace\CarND\carND-behavioral-cloning\images\IMG\center_2020_09_13_19_32_44_584.jpg,E:\Workspace\CarND\carND-behavioral-cloning\images\IMG\left_2020_09_13_19_32_44_584.jpg,E:\Workspace\CarND\carND-behavioral-cloning\images\IMG\right_2020_09_13_19_32_44_584.jpg,0,0,0,0.004984515
E:\Workspace\CarND\carND-behavioral-cloning\images\IMG\center_2020_09_13_19_32_44_792.jpg,E:\Workspace\CarND\carND-behavioral-cloning\images\IMG\left_2020_09_13_19_32_44_792.jpg,E:\Workspace\CarND\carND-behavioral-cloning\images\IMG\right_2020_09_13_19_32_44_792.jpg,0,0,0,0.004474199
E:\Workspace\CarND\carND-behavioral-cloning\images\IMG\center_2020_09_13_19_32_45_007.jpg,E:\Workspace\CarND\carND-behavioral-cloning\images\IMG\left_2020_09_13_19_32_45_007.jpg,E:\Workspace\CarND\carND-behavioral-cloning\images\IMG\right_2020_09_13_19_32_45_007.jpg,0,0,0,0.0055092
E:\Workspace\CarND\carND-behavioral-cloning\images\IMG\center_2020_09_13_19_32_45_226.jpg,E:\Workspace\CarND\carND-behavioral-cloning\images\IMG\left_2020_09_13_19_32_45_226.jpg,E:\Workspace\CarND\carND-behavioral-cloning\images\IMG\right_2020_09_13_19_32_45_226.jpg,0,0,0,0.004209604
